client_id,dominant_spending_intensity,anomaly_ratio,has_anomaly,behavior_type,behavior_risk_level,behavior_justification
0,Medium,0.0,False,Stable,Low,"Dominant intensity=Medium, anomaly_ratio=0.0"
1,Low,0.0,False,Stable,Low,"Dominant intensity=Low, anomaly_ratio=0.0"
2,Low,0.0,False,Stable,Low,"Dominant intensity=Low, anomaly_ratio=0.0"
3,Low,0.0,False,Stable,Low,"Dominant intensity=Low, anomaly_ratio=0.0"
4,Low,0.0,False,Stable,Low,"Dominant intensity=Low, anomaly_ratio=0.0"
5,Medium,0.025423728813559324,True,Inconsistent,High,"Dominant intensity=Medium, anomaly_ratio=0.03"
11,Medium,0.0,False,Stable,Low,"Dominant intensity=Medium, anomaly_ratio=0.0"
13,Low,0.0,False,Stable,Low,"Dominant intensity=Low, anomaly_ratio=0.0"
14,Medium,0.00847457627118644,True,Inconsistent,High,"Dominant intensity=Medium, anomaly_ratio=0.01"
16,Medium,0.0,False,Stable,Low,"Dominant intensity=Medium, anomaly_ratio=0.0"
17,High,0.0,False,Impulsive,Medium,"Dominant intensity=High, anomaly_ratio=0.0"
19,Low,0.211864406779661,True,Inconsistent,High,"Dominant intensity=Low, anomaly_ratio=0.21"
20,Low,0.0,False,Stable,Low,"Dominant intensity=Low, anomaly_ratio=0.0"
21,Low,0.0,False,Stable,Low,"Dominant intensity=Low, anomaly_ratio=0.0"
22,Low,0.0,False,Stable,Low,"Dominant intensity=Low, anomaly_ratio=0.0"
24,Low,0.0,False,Stable,Low,"Dominant intensity=Low, anomaly_ratio=0.0"
27,Low,0.0,False,Stable,Low,"Dominant intensity=Low, anomaly_ratio=0.0"
28,Medium,0.0,False,Stable,Low,"Dominant intensity=Medium, anomaly_ratio=0.0"
32,Low,0.0,False,Stable,Low,"Dominant intensity=Low, anomaly_ratio=0.0"
33,Medium,0.0,False,Stable,Low,"Dominant intensity=Medium, anomaly_ratio=0.0"
34,High,0.0,False,Impulsive,Medium,"Dominant intensity=High, anomaly_ratio=0.0"
37,Low,0.0,False,Stable,Low,"Dominant intensity=Low, anomaly_ratio=0.0"
38,Low,0.0,False,Stable,Low,"Dominant intensity=Low, anomaly_ratio=0.0"
39,High,0.0,False,Impulsive,Medium,"Dominant intensity=High, anomaly_ratio=0.0"
40,Low,0.0,False,Stable,Low,"Dominant intensity=Low, anomaly_ratio=0.0"
42,Low,0.0,False,Stable,Low,"Dominant intensity=Low, anomaly_ratio=0.0"
44,Low,0.0,False,Stable,Low,"Dominant intensity=Low, anomaly_ratio=0.0"
45,Low,0.03389830508474576,True,Inconsistent,High,"Dominant intensity=Low, anomaly_ratio=0.03"
46,Medium,0.0,False,Stable,Low,"Dominant intensity=Medium, anomaly_ratio=0.0"
47,Low,0.0,False,Stable,Low,"Dominant intensity=Low, anomaly_ratio=0.0"
48,Low,0.0,False,Stable,Low,"Dominant intensity=Low, anomaly_ratio=0.0"
50,Medium,0.0,False,Stable,Low,"Dominant intensity=Medium, anomaly_ratio=0.0"
51,Low,0.0,False,Stable,Low,"Dominant intensity=Low, anomaly_ratio=0.0"
52,High,0.00847457627118644,True,Inconsistent,High,"Dominant intensity=High, anomaly_ratio=0.01"
53,High,0.0,False,Impulsive,Medium,"Dominant intensity=High, anomaly_ratio=0.0"
55,Low,0.0,False,Stable,Low,"Dominant intensity=Low, anomaly_ratio=0.0"
57,Low,0.0,False,Stable,Low,"Dominant intensity=Low, anomaly_ratio=0.0"
58,Low,0.012195121951219513,True,Inconsistent,High,"Dominant intensity=Low, anomaly_ratio=0.01"
59,Low,0.0,False,Stable,Low,"Dominant intensity=Low, anomaly_ratio=0.0"
60,Medium,0.0,False,Stable,Low,"Dominant intensity=Medium, anomaly_ratio=0.0"
61,Medium,0.0,False,Stable,Low,"Dominant intensity=Medium, anomaly_ratio=0.0"
62,Low,0.0,False,Stable,Low,"Dominant intensity=Low, anomaly_ratio=0.0"
63,Low,0.0,False,Stable,Low,"Dominant intensity=Low, anomaly_ratio=0.0"
64,Medium,0.0,False,Stable,Low,"Dominant intensity=Medium, anomaly_ratio=0.0"
65,Low,0.0,False,Stable,Low,"Dominant intensity=Low, anomaly_ratio=0.0"
68,High,0.0,False,Impulsive,Medium,"Dominant intensity=High, anomaly_ratio=0.0"
69,Low,0.0,False,Stable,Low,"Dominant intensity=Low, anomaly_ratio=0.0"
73,Medium,0.03389830508474576,True,Inconsistent,High,"Dominant intensity=Medium, anomaly_ratio=0.03"
74,Low,0.0,False,Stable,Low,"Dominant intensity=Low, anomaly_ratio=0.0"
75,Low,0.0,False,Stable,Low,"Dominant intensity=Low, anomaly_ratio=0.0"
77,High,0.0,False,Impulsive,Medium,"Dominant intensity=High, anomaly_ratio=0.0"
78,Low,0.0,False,Stable,Low,"Dominant intensity=Low, anomaly_ratio=0.0"
79,Low,0.0,False,Stable,Low,"Dominant intensity=Low, anomaly_ratio=0.0"
80,Low,0.0,False,Stable,Low,"Dominant intensity=Low, anomaly_ratio=0.0"
81,Low,0.0,False,Stable,Low,"Dominant intensity=Low, anomaly_ratio=0.0"
84,Low,0.0,False,Stable,Low,"Dominant intensity=Low, anomaly_ratio=0.0"
86,Low,0.0,False,Stable,Low,"Dominant intensity=Low, anomaly_ratio=0.0"
87,Low,0.0,False,Stable,Low,"Dominant intensity=Low, anomaly_ratio=0.0"
89,Low,0.0,False,Stable,Low,"Dominant intensity=Low, anomaly_ratio=0.0"
90,Medium,0.0,False,Stable,Low,"Dominant intensity=Medium, anomaly_ratio=0.0"
92,Low,0.0,False,Stable,Low,"Dominant intensity=Low, anomaly_ratio=0.0"
94,Low,0.0,False,Stable,Low,"Dominant intensity=Low, anomaly_ratio=0.0"
96,High,1.0,True,Inconsistent,High,"Dominant intensity=High, anomaly_ratio=1.0"
98,High,0.0,False,Impulsive,Medium,"Dominant intensity=High, anomaly_ratio=0.0"
100,Medium,0.0,False,Stable,Low,"Dominant intensity=Medium, anomaly_ratio=0.0"
103,Medium,0.0,False,Stable,Low,"Dominant intensity=Medium, anomaly_ratio=0.0"
104,Low,0.0,False,Stable,Low,"Dominant intensity=Low, anomaly_ratio=0.0"
106,Low,0.0,False,Stable,Low,"Dominant intensity=Low, anomaly_ratio=0.0"
107,Low,0.0,False,Stable,Low,"Dominant intensity=Low, anomaly_ratio=0.0"
110,Medium,0.0,False,Stable,Low,"Dominant intensity=Medium, anomaly_ratio=0.0"
112,High,0.00847457627118644,True,Inconsistent,High,"Dominant intensity=High, anomaly_ratio=0.01"
113,Medium,0.00847457627118644,True,Inconsistent,High,"Dominant intensity=Medium, anomaly_ratio=0.01"
114,High,0.6016949152542372,True,Inconsistent,High,"Dominant intensity=High, anomaly_ratio=0.6"
115,Medium,0.0,False,Stable,Low,"Dominant intensity=Medium, anomaly_ratio=0.0"
116,Low,0.011904761904761904,True,Inconsistent,High,"Dominant intensity=Low, anomaly_ratio=0.01"
118,Medium,0.0,False,Stable,Low,"Dominant intensity=Medium, anomaly_ratio=0.0"
119,Medium,0.0,False,Stable,Low,"Dominant intensity=Medium, anomaly_ratio=0.0"
120,Medium,0.03389830508474576,True,Inconsistent,High,"Dominant intensity=Medium, anomaly_ratio=0.03"
121,Low,0.0,False,Stable,Low,"Dominant intensity=Low, anomaly_ratio=0.0"
122,Low,0.0,False,Stable,Low,"Dominant intensity=Low, anomaly_ratio=0.0"
123,Low,0.0,False,Stable,Low,"Dominant intensity=Low, anomaly_ratio=0.0"
124,Low,0.0,False,Stable,Low,"Dominant intensity=Low, anomaly_ratio=0.0"
125,Low,0.0,False,Stable,Low,"Dominant intensity=Low, anomaly_ratio=0.0"
126,Low,0.0,False,Stable,Low,"Dominant intensity=Low, anomaly_ratio=0.0"
127,Medium,0.03389830508474576,True,Inconsistent,High,"Dominant intensity=Medium, anomaly_ratio=0.03"
128,Medium,0.0,False,Stable,Low,"Dominant intensity=Medium, anomaly_ratio=0.0"
132,Low,0.0,False,Stable,Low,"Dominant intensity=Low, anomaly_ratio=0.0"
133,Medium,0.0,False,Stable,Low,"Dominant intensity=Medium, anomaly_ratio=0.0"
134,Medium,0.0,False,Stable,Low,"Dominant intensity=Medium, anomaly_ratio=0.0"
135,High,0.0,False,Impulsive,Medium,"Dominant intensity=High, anomaly_ratio=0.0"
137,High,0.0,False,Impulsive,Medium,"Dominant intensity=High, anomaly_ratio=0.0"
138,Low,0.0,False,Stable,Low,"Dominant intensity=Low, anomaly_ratio=0.0"
140,Low,0.0,False,Stable,Low,"Dominant intensity=Low, anomaly_ratio=0.0"
141,Low,0.0,False,Stable,Low,"Dominant intensity=Low, anomaly_ratio=0.0"
142,Medium,0.0,False,Stable,Low,"Dominant intensity=Medium, anomaly_ratio=0.0"
144,High,0.0,False,Impulsive,Medium,"Dominant intensity=High, anomaly_ratio=0.0"
145,Low,0.0,False,Stable,Low,"Dominant intensity=Low, anomaly_ratio=0.0"
146,Medium,0.0,False,Stable,Low,"Dominant intensity=Medium, anomaly_ratio=0.0"
147,Medium,0.0,False,Stable,Low,"Dominant intensity=Medium, anomaly_ratio=0.0"
148,Low,0.0,False,Stable,Low,"Dominant intensity=Low, anomaly_ratio=0.0"
149,Medium,0.0,False,Stable,Low,"Dominant intensity=Medium, anomaly_ratio=0.0"
150,Medium,0.0,False,Stable,Low,"Dominant intensity=Medium, anomaly_ratio=0.0"
152,Medium,0.3559322033898305,True,Inconsistent,High,"Dominant intensity=Medium, anomaly_ratio=0.36"
153,Medium,0.00847457627118644,True,Inconsistent,High,"Dominant intensity=Medium, anomaly_ratio=0.01"
154,High,0.0,False,Impulsive,Medium,"Dominant intensity=High, anomaly_ratio=0.0"
155,Low,0.0,False,Stable,Low,"Dominant intensity=Low, anomaly_ratio=0.0"
156,Low,0.0,False,Stable,Low,"Dominant intensity=Low, anomaly_ratio=0.0"
157,Low,0.0,False,Stable,Low,"Dominant intensity=Low, anomaly_ratio=0.0"
160,Low,0.0,False,Stable,Low,"Dominant intensity=Low, anomaly_ratio=0.0"
161,Low,0.0,False,Stable,Low,"Dominant intensity=Low, anomaly_ratio=0.0"
162,Medium,0.00847457627118644,True,Inconsistent,High,"Dominant intensity=Medium, anomaly_ratio=0.01"
164,Low,0.0,False,Stable,Low,"Dominant intensity=Low, anomaly_ratio=0.0"
165,High,0.1016949152542373,True,Inconsistent,High,"Dominant intensity=High, anomaly_ratio=0.1"
169,Low,0.059322033898305086,True,Inconsistent,High,"Dominant intensity=Low, anomaly_ratio=0.06"
170,Low,0.0,False,Stable,Low,"Dominant intensity=Low, anomaly_ratio=0.0"
171,High,0.0,False,Impulsive,Medium,"Dominant intensity=High, anomaly_ratio=0.0"
172,Low,0.0,False,Stable,Low,"Dominant intensity=Low, anomaly_ratio=0.0"
173,Medium,0.03389830508474576,True,Inconsistent,High,"Dominant intensity=Medium, anomaly_ratio=0.03"
176,Low,0.0,False,Stable,Low,"Dominant intensity=Low, anomaly_ratio=0.0"
177,Medium,0.0,False,Stable,Low,"Dominant intensity=Medium, anomaly_ratio=0.0"
178,Low,0.0,False,Stable,Low,"Dominant intensity=Low, anomaly_ratio=0.0"
180,Low,0.0,False,Stable,Low,"Dominant intensity=Low, anomaly_ratio=0.0"
184,Medium,0.0,False,Stable,Low,"Dominant intensity=Medium, anomaly_ratio=0.0"
185,Low,0.0,False,Stable,Low,"Dominant intensity=Low, anomaly_ratio=0.0"
190,High,0.0,False,Impulsive,Medium,"Dominant intensity=High, anomaly_ratio=0.0"
194,Low,0.0,False,Stable,Low,"Dominant intensity=Low, anomaly_ratio=0.0"
196,Medium,0.0,False,Stable,Low,"Dominant intensity=Medium, anomaly_ratio=0.0"
197,High,0.0,False,Impulsive,Medium,"Dominant intensity=High, anomaly_ratio=0.0"
198,Medium,0.0,False,Stable,Low,"Dominant intensity=Medium, anomaly_ratio=0.0"
199,Medium,0.0,False,Stable,Low,"Dominant intensity=Medium, anomaly_ratio=0.0"
200,Low,0.0,False,Stable,Low,"Dominant intensity=Low, anomaly_ratio=0.0"
201,Low,0.00847457627118644,True,Inconsistent,High,"Dominant intensity=Low, anomaly_ratio=0.01"
203,Medium,0.0,False,Stable,Low,"Dominant intensity=Medium, anomaly_ratio=0.0"
205,Low,0.0,False,Stable,Low,"Dominant intensity=Low, anomaly_ratio=0.0"
206,Low,0.0,False,Stable,Low,"Dominant intensity=Low, anomaly_ratio=0.0"
207,Medium,0.0,False,Stable,Low,"Dominant intensity=Medium, anomaly_ratio=0.0"
208,High,0.11016949152542373,True,Inconsistent,High,"Dominant intensity=High, anomaly_ratio=0.11"
209,Low,0.0,False,Stable,Low,"Dominant intensity=Low, anomaly_ratio=0.0"
211,Low,0.0,False,Stable,Low,"Dominant intensity=Low, anomaly_ratio=0.0"
212,Low,0.0,False,Stable,Low,"Dominant intensity=Low, anomaly_ratio=0.0"
213,Medium,0.0,False,Stable,Low,"Dominant intensity=Medium, anomaly_ratio=0.0"
216,Medium,0.0,False,Stable,Low,"Dominant intensity=Medium, anomaly_ratio=0.0"
217,Low,0.0,False,Stable,Low,"Dominant intensity=Low, anomaly_ratio=0.0"
218,Low,0.0,False,Stable,Low,"Dominant intensity=Low, anomaly_ratio=0.0"
219,Low,0.00847457627118644,True,Inconsistent,High,"Dominant intensity=Low, anomaly_ratio=0.01"
220,Medium,0.0,False,Stable,Low,"Dominant intensity=Medium, anomaly_ratio=0.0"
222,Medium,0.0847457627118644,True,Inconsistent,High,"Dominant intensity=Medium, anomaly_ratio=0.08"
225,Low,0.0,False,Stable,Low,"Dominant intensity=Low, anomaly_ratio=0.0"
227,Medium,0.0,False,Stable,Low,"Dominant intensity=Medium, anomaly_ratio=0.0"
229,Low,0.0,False,Stable,Low,"Dominant intensity=Low, anomaly_ratio=0.0"
230,Low,0.0,False,Stable,Low,"Dominant intensity=Low, anomaly_ratio=0.0"
231,Low,0.0,False,Stable,Low,"Dominant intensity=Low, anomaly_ratio=0.0"
233,Medium,0.0,False,Stable,Low,"Dominant intensity=Medium, anomaly_ratio=0.0"
234,Low,0.0,False,Stable,Low,"Dominant intensity=Low, anomaly_ratio=0.0"
235,Medium,0.0,False,Stable,Low,"Dominant intensity=Medium, anomaly_ratio=0.0"
236,Medium,0.00847457627118644,True,Inconsistent,High,"Dominant intensity=Medium, anomaly_ratio=0.01"
237,Medium,0.0,False,Stable,Low,"Dominant intensity=Medium, anomaly_ratio=0.0"
240,Low,0.00847457627118644,True,Inconsistent,High,"Dominant intensity=Low, anomaly_ratio=0.01"
241,Low,0.0,False,Stable,Low,"Dominant intensity=Low, anomaly_ratio=0.0"
242,Low,0.0,False,Stable,Low,"Dominant intensity=Low, anomaly_ratio=0.0"
244,Medium,0.0,False,Stable,Low,"Dominant intensity=Medium, anomaly_ratio=0.0"
246,Medium,0.00847457627118644,True,Inconsistent,High,"Dominant intensity=Medium, anomaly_ratio=0.01"
247,High,0.0,False,Impulsive,Medium,"Dominant intensity=High, anomaly_ratio=0.0"
248,Low,0.0,False,Stable,Low,"Dominant intensity=Low, anomaly_ratio=0.0"
249,Low,0.0,False,Stable,Low,"Dominant intensity=Low, anomaly_ratio=0.0"
250,Low,0.0,False,Stable,Low,"Dominant intensity=Low, anomaly_ratio=0.0"
252,Low,0.0,False,Stable,Low,"Dominant intensity=Low, anomaly_ratio=0.0"
254,High,0.0,False,Impulsive,Medium,"Dominant intensity=High, anomaly_ratio=0.0"
256,Low,0.0,False,Stable,Low,"Dominant intensity=Low, anomaly_ratio=0.0"
257,Medium,0.0,False,Stable,Low,"Dominant intensity=Medium, anomaly_ratio=0.0"
260,Low,0.03389830508474576,True,Inconsistent,High,"Dominant intensity=Low, anomaly_ratio=0.03"
261,Medium,0.0,False,Stable,Low,"Dominant intensity=Medium, anomaly_ratio=0.0"
264,Low,0.0,False,Stable,Low,"Dominant intensity=Low, anomaly_ratio=0.0"
265,Low,0.0,False,Stable,Low,"Dominant intensity=Low, anomaly_ratio=0.0"
267,Low,0.0,False,Stable,Low,"Dominant intensity=Low, anomaly_ratio=0.0"
273,Low,0.0,False,Stable,Low,"Dominant intensity=Low, anomaly_ratio=0.0"
274,Low,0.0,False,Stable,Low,"Dominant intensity=Low, anomaly_ratio=0.0"
275,High,0.0,False,Impulsive,Medium,"Dominant intensity=High, anomaly_ratio=0.0"
277,Low,0.0,False,Stable,Low,"Dominant intensity=Low, anomaly_ratio=0.0"
278,Medium,0.0,False,Stable,Low,"Dominant intensity=Medium, anomaly_ratio=0.0"
280,Medium,0.0,False,Stable,Low,"Dominant intensity=Medium, anomaly_ratio=0.0"
282,Low,0.0,False,Stable,Low,"Dominant intensity=Low, anomaly_ratio=0.0"
285,High,0.7203389830508474,True,Inconsistent,High,"Dominant intensity=High, anomaly_ratio=0.72"
286,Low,0.0,False,Stable,Low,"Dominant intensity=Low, anomaly_ratio=0.0"
287,Low,0.0,False,Stable,Low,"Dominant intensity=Low, anomaly_ratio=0.0"
291,Low,0.0,False,Stable,Low,"Dominant intensity=Low, anomaly_ratio=0.0"
293,Low,0.0,False,Stable,Low,"Dominant intensity=Low, anomaly_ratio=0.0"
299,Medium,0.03389830508474576,True,Inconsistent,High,"Dominant intensity=Medium, anomaly_ratio=0.03"
300,Medium,0.0,False,Stable,Low,"Dominant intensity=Medium, anomaly_ratio=0.0"
301,Low,0.0,False,Stable,Low,"Dominant intensity=Low, anomaly_ratio=0.0"
303,High,0.0,False,Impulsive,Medium,"Dominant intensity=High, anomaly_ratio=0.0"
305,Low,0.0,False,Stable,Low,"Dominant intensity=Low, anomaly_ratio=0.0"
311,Low,0.0,False,Stable,Low,"Dominant intensity=Low, anomaly_ratio=0.0"
313,Low,0.0,False,Stable,Low,"Dominant intensity=Low, anomaly_ratio=0.0"
315,Low,0.010416666666666666,True,Inconsistent,High,"Dominant intensity=Low, anomaly_ratio=0.01"
316,Medium,0.0,False,Stable,Low,"Dominant intensity=Medium, anomaly_ratio=0.0"
317,Medium,0.0,False,Stable,Low,"Dominant intensity=Medium, anomaly_ratio=0.0"
319,Medium,0.0,False,Stable,Low,"Dominant intensity=Medium, anomaly_ratio=0.0"
320,Medium,0.0,False,Stable,Low,"Dominant intensity=Medium, anomaly_ratio=0.0"
321,Low,0.0,False,Stable,Low,"Dominant intensity=Low, anomaly_ratio=0.0"
322,Low,0.0,False,Stable,Low,"Dominant intensity=Low, anomaly_ratio=0.0"
323,Low,0.0,False,Stable,Low,"Dominant intensity=Low, anomaly_ratio=0.0"
327,High,0.0,False,Impulsive,Medium,"Dominant intensity=High, anomaly_ratio=0.0"
328,Medium,0.0,False,Stable,Low,"Dominant intensity=Medium, anomaly_ratio=0.0"
329,High,0.0,False,Impulsive,Medium,"Dominant intensity=High, anomaly_ratio=0.0"
331,Medium,0.0,False,Stable,Low,"Dominant intensity=Medium, anomaly_ratio=0.0"
332,Low,0.0,False,Stable,Low,"Dominant intensity=Low, anomaly_ratio=0.0"
334,Medium,0.01694915254237288,True,Inconsistent,High,"Dominant intensity=Medium, anomaly_ratio=0.02"
335,Medium,0.0,False,Stable,Low,"Dominant intensity=Medium, anomaly_ratio=0.0"
338,High,0.0,False,Impulsive,Medium,"Dominant intensity=High, anomaly_ratio=0.0"
343,Low,0.0,False,Stable,Low,"Dominant intensity=Low, anomaly_ratio=0.0"
345,Low,0.0,False,Stable,Low,"Dominant intensity=Low, anomaly_ratio=0.0"
346,Low,0.0,False,Stable,Low,"Dominant intensity=Low, anomaly_ratio=0.0"
348,Medium,0.0,False,Stable,Low,"Dominant intensity=Medium, anomaly_ratio=0.0"
349,Low,0.0,False,Stable,Low,"Dominant intensity=Low, anomaly_ratio=0.0"
350,Low,0.0,False,Stable,Low,"Dominant intensity=Low, anomaly_ratio=0.0"
351,Low,0.0,False,Stable,Low,"Dominant intensity=Low, anomaly_ratio=0.0"
354,Low,0.0,False,Stable,Low,"Dominant intensity=Low, anomaly_ratio=0.0"
356,High,0.0,False,Impulsive,Medium,"Dominant intensity=High, anomaly_ratio=0.0"
357,Medium,0.0,False,Stable,Low,"Dominant intensity=Medium, anomaly_ratio=0.0"
359,Low,0.0,False,Stable,Low,"Dominant intensity=Low, anomaly_ratio=0.0"
360,Low,0.0,False,Stable,Low,"Dominant intensity=Low, anomaly_ratio=0.0"
361,Medium,0.0,False,Stable,Low,"Dominant intensity=Medium, anomaly_ratio=0.0"
362,Medium,0.0,False,Stable,Low,"Dominant intensity=Medium, anomaly_ratio=0.0"
363,Low,0.0,False,Stable,Low,"Dominant intensity=Low, anomaly_ratio=0.0"
364,Medium,0.0,False,Stable,Low,"Dominant intensity=Medium, anomaly_ratio=0.0"
366,Low,0.0,False,Stable,Low,"Dominant intensity=Low, anomaly_ratio=0.0"
368,Low,0.0,False,Stable,Low,"Dominant intensity=Low, anomaly_ratio=0.0"
369,Medium,0.0,False,Stable,Low,"Dominant intensity=Medium, anomaly_ratio=0.0"
370,Low,0.0,False,Stable,Low,"Dominant intensity=Low, anomaly_ratio=0.0"
371,High,0.0,False,Impulsive,Medium,"Dominant intensity=High, anomaly_ratio=0.0"
373,High,0.0,False,Impulsive,Medium,"Dominant intensity=High, anomaly_ratio=0.0"
374,Low,0.0,False,Stable,Low,"Dominant intensity=Low, anomaly_ratio=0.0"
375,Low,0.0,False,Stable,Low,"Dominant intensity=Low, anomaly_ratio=0.0"
376,High,0.0,False,Impulsive,Medium,"Dominant intensity=High, anomaly_ratio=0.0"
377,High,0.0,False,Impulsive,Medium,"Dominant intensity=High, anomaly_ratio=0.0"
379,High,0.0,False,Impulsive,Medium,"Dominant intensity=High, anomaly_ratio=0.0"
380,Low,0.0,False,Stable,Low,"Dominant intensity=Low, anomaly_ratio=0.0"
383,Low,0.0,False,Stable,Low,"Dominant intensity=Low, anomaly_ratio=0.0"
385,Low,0.0,False,Stable,Low,"Dominant intensity=Low, anomaly_ratio=0.0"
386,Low,0.0,False,Stable,Low,"Dominant intensity=Low, anomaly_ratio=0.0"
387,Low,0.0,False,Stable,Low,"Dominant intensity=Low, anomaly_ratio=0.0"
391,Medium,0.0,False,Stable,Low,"Dominant intensity=Medium, anomaly_ratio=0.0"
393,Low,0.0,False,Stable,Low,"Dominant intensity=Low, anomaly_ratio=0.0"
394,High,0.0,False,Impulsive,Medium,"Dominant intensity=High, anomaly_ratio=0.0"
395,Medium,0.0,False,Stable,Low,"Dominant intensity=Medium, anomaly_ratio=0.0"
397,Low,0.0,False,Stable,Low,"Dominant intensity=Low, anomaly_ratio=0.0"
398,Medium,0.0,False,Stable,Low,"Dominant intensity=Medium, anomaly_ratio=0.0"
400,Low,0.0,False,Stable,Low,"Dominant intensity=Low, anomaly_ratio=0.0"
401,Low,0.0,False,Stable,Low,"Dominant intensity=Low, anomaly_ratio=0.0"
402,Low,0.0,False,Stable,Low,"Dominant intensity=Low, anomaly_ratio=0.0"
403,Medium,0.00847457627118644,True,Inconsistent,High,"Dominant intensity=Medium, anomaly_ratio=0.01"
408,High,0.0,False,Impulsive,Medium,"Dominant intensity=High, anomaly_ratio=0.0"
410,Medium,0.03508771929824561,True,Inconsistent,High,"Dominant intensity=Medium, anomaly_ratio=0.04"
414,Medium,0.00847457627118644,True,Inconsistent,High,"Dominant intensity=Medium, anomaly_ratio=0.01"
415,Low,0.0,False,Stable,Low,"Dominant intensity=Low, anomaly_ratio=0.0"
416,Low,0.0,False,Stable,Low,"Dominant intensity=Low, anomaly_ratio=0.0"
419,Low,0.0,False,Stable,Low,"Dominant intensity=Low, anomaly_ratio=0.0"
421,High,0.0,False,Impulsive,Medium,"Dominant intensity=High, anomaly_ratio=0.0"
425,High,0.00847457627118644,True,Inconsistent,High,"Dominant intensity=High, anomaly_ratio=0.01"
427,Low,0.0,False,Stable,Low,"Dominant intensity=Low, anomaly_ratio=0.0"
428,Low,0.0,False,Stable,Low,"Dominant intensity=Low, anomaly_ratio=0.0"
430,High,0.0,False,Impulsive,Medium,"Dominant intensity=High, anomaly_ratio=0.0"
432,Medium,0.0,False,Stable,Low,"Dominant intensity=Medium, anomaly_ratio=0.0"
433,Low,0.0,False,Stable,Low,"Dominant intensity=Low, anomaly_ratio=0.0"
434,Medium,0.0,False,Stable,Low,"Dominant intensity=Medium, anomaly_ratio=0.0"
437,Medium,0.0,False,Stable,Low,"Dominant intensity=Medium, anomaly_ratio=0.0"
438,Low,0.0,False,Stable,Low,"Dominant intensity=Low, anomaly_ratio=0.0"
441,Low,0.0,False,Stable,Low,"Dominant intensity=Low, anomaly_ratio=0.0"
442,Low,0.0,False,Stable,Low,"Dominant intensity=Low, anomaly_ratio=0.0"
447,Low,0.0,False,Stable,Low,"Dominant intensity=Low, anomaly_ratio=0.0"
449,Low,0.0,False,Stable,Low,"Dominant intensity=Low, anomaly_ratio=0.0"
450,Medium,0.0,False,Stable,Low,"Dominant intensity=Medium, anomaly_ratio=0.0"
451,Low,0.0,False,Stable,Low,"Dominant intensity=Low, anomaly_ratio=0.0"
452,High,0.0,False,Impulsive,Medium,"Dominant intensity=High, anomaly_ratio=0.0"
455,Medium,0.01,True,Inconsistent,High,"Dominant intensity=Medium, anomaly_ratio=0.01"
456,Low,0.0,False,Stable,Low,"Dominant intensity=Low, anomaly_ratio=0.0"
457,Medium,0.0,False,Stable,Low,"Dominant intensity=Medium, anomaly_ratio=0.0"
458,Medium,0.22033898305084745,True,Inconsistent,High,"Dominant intensity=Medium, anomaly_ratio=0.22"
459,Low,0.0,False,Stable,Low,"Dominant intensity=Low, anomaly_ratio=0.0"
460,Medium,0.0,False,Stable,Low,"Dominant intensity=Medium, anomaly_ratio=0.0"
461,High,0.0,False,Impulsive,Medium,"Dominant intensity=High, anomaly_ratio=0.0"
462,Low,0.0,False,Stable,Low,"Dominant intensity=Low, anomaly_ratio=0.0"
464,High,0.8389830508474576,True,Inconsistent,High,"Dominant intensity=High, anomaly_ratio=0.84"
465,Low,0.0,False,Stable,Low,"Dominant intensity=Low, anomaly_ratio=0.0"
467,Low,0.0,False,Stable,Low,"Dominant intensity=Low, anomaly_ratio=0.0"
468,Low,0.0,False,Stable,Low,"Dominant intensity=Low, anomaly_ratio=0.0"
469,Low,0.0,False,Stable,Low,"Dominant intensity=Low, anomaly_ratio=0.0"
470,Low,0.0,False,Stable,Low,"Dominant intensity=Low, anomaly_ratio=0.0"
472,High,0.0,False,Impulsive,Medium,"Dominant intensity=High, anomaly_ratio=0.0"
473,Low,0.0,False,Stable,Low,"Dominant intensity=Low, anomaly_ratio=0.0"
474,High,0.0,False,Impulsive,Medium,"Dominant intensity=High, anomaly_ratio=0.0"
476,High,0.0,False,Impulsive,Medium,"Dominant intensity=High, anomaly_ratio=0.0"
477,Medium,0.0,False,Stable,Low,"Dominant intensity=Medium, anomaly_ratio=0.0"
478,Medium,0.0,False,Stable,Low,"Dominant intensity=Medium, anomaly_ratio=0.0"
479,Low,0.0,False,Stable,Low,"Dominant intensity=Low, anomaly_ratio=0.0"
480,Low,0.0,False,Stable,Low,"Dominant intensity=Low, anomaly_ratio=0.0"
483,Low,0.0,False,Stable,Low,"Dominant intensity=Low, anomaly_ratio=0.0"
487,Medium,0.0,False,Stable,Low,"Dominant intensity=Medium, anomaly_ratio=0.0"
488,High,0.13559322033898305,True,Inconsistent,High,"Dominant intensity=High, anomaly_ratio=0.14"
489,Medium,0.0,False,Stable,Low,"Dominant intensity=Medium, anomaly_ratio=0.0"
490,High,0.0,False,Impulsive,Medium,"Dominant intensity=High, anomaly_ratio=0.0"
491,Low,0.01694915254237288,True,Inconsistent,High,"Dominant intensity=Low, anomaly_ratio=0.02"
494,Low,0.0,False,Stable,Low,"Dominant intensity=Low, anomaly_ratio=0.0"
496,Low,0.0,False,Stable,Low,"Dominant intensity=Low, anomaly_ratio=0.0"
497,Low,0.0,False,Stable,Low,"Dominant intensity=Low, anomaly_ratio=0.0"
502,High,0.0,False,Impulsive,Medium,"Dominant intensity=High, anomaly_ratio=0.0"
503,Low,0.0,False,Stable,Low,"Dominant intensity=Low, anomaly_ratio=0.0"
506,High,0.0,False,Impulsive,Medium,"Dominant intensity=High, anomaly_ratio=0.0"
509,Low,0.0,False,Stable,Low,"Dominant intensity=Low, anomaly_ratio=0.0"
511,High,0.0,False,Impulsive,Medium,"Dominant intensity=High, anomaly_ratio=0.0"
514,Low,0.0,False,Stable,Low,"Dominant intensity=Low, anomaly_ratio=0.0"
515,Low,0.0,False,Stable,Low,"Dominant intensity=Low, anomaly_ratio=0.0"
517,Low,0.0,False,Stable,Low,"Dominant intensity=Low, anomaly_ratio=0.0"
519,Low,0.0,False,Stable,Low,"Dominant intensity=Low, anomaly_ratio=0.0"
520,Low,0.0,False,Stable,Low,"Dominant intensity=Low, anomaly_ratio=0.0"
523,High,0.0,False,Impulsive,Medium,"Dominant intensity=High, anomaly_ratio=0.0"
524,Low,0.0,False,Stable,Low,"Dominant intensity=Low, anomaly_ratio=0.0"
525,Low,0.0,False,Stable,Low,"Dominant intensity=Low, anomaly_ratio=0.0"
526,Low,0.0,False,Stable,Low,"Dominant intensity=Low, anomaly_ratio=0.0"
528,Low,0.0,False,Stable,Low,"Dominant intensity=Low, anomaly_ratio=0.0"
530,Low,0.0,False,Stable,Low,"Dominant intensity=Low, anomaly_ratio=0.0"
534,High,0.0,False,Impulsive,Medium,"Dominant intensity=High, anomaly_ratio=0.0"
538,Low,0.0,False,Stable,Low,"Dominant intensity=Low, anomaly_ratio=0.0"
542,Low,0.0,False,Stable,Low,"Dominant intensity=Low, anomaly_ratio=0.0"
543,Medium,0.0,False,Stable,Low,"Dominant intensity=Medium, anomaly_ratio=0.0"
545,Medium,0.0,False,Stable,Low,"Dominant intensity=Medium, anomaly_ratio=0.0"
546,Medium,0.0,False,Stable,Low,"Dominant intensity=Medium, anomaly_ratio=0.0"
547,Low,0.0,False,Stable,Low,"Dominant intensity=Low, anomaly_ratio=0.0"
549,Medium,0.0,False,Stable,Low,"Dominant intensity=Medium, anomaly_ratio=0.0"
550,Low,0.0,False,Stable,Low,"Dominant intensity=Low, anomaly_ratio=0.0"
552,High,0.0,False,Impulsive,Medium,"Dominant intensity=High, anomaly_ratio=0.0"
554,Medium,0.0,False,Stable,Low,"Dominant intensity=Medium, anomaly_ratio=0.0"
556,Low,0.0,False,Stable,Low,"Dominant intensity=Low, anomaly_ratio=0.0"
557,High,0.0,False,Impulsive,Medium,"Dominant intensity=High, anomaly_ratio=0.0"
561,Low,0.0,False,Stable,Low,"Dominant intensity=Low, anomaly_ratio=0.0"
563,Low,0.0,False,Stable,Low,"Dominant intensity=Low, anomaly_ratio=0.0"
564,Low,0.0,False,Stable,Low,"Dominant intensity=Low, anomaly_ratio=0.0"
565,Medium,0.0,False,Stable,Low,"Dominant intensity=Medium, anomaly_ratio=0.0"
566,High,0.0,False,Impulsive,Medium,"Dominant intensity=High, anomaly_ratio=0.0"
569,Medium,0.0,False,Stable,Low,"Dominant intensity=Medium, anomaly_ratio=0.0"
570,Low,0.0,False,Stable,Low,"Dominant intensity=Low, anomaly_ratio=0.0"
571,Low,0.0,False,Stable,Low,"Dominant intensity=Low, anomaly_ratio=0.0"
573,Low,0.0,False,Stable,Low,"Dominant intensity=Low, anomaly_ratio=0.0"
575,Low,0.0,False,Stable,Low,"Dominant intensity=Low, anomaly_ratio=0.0"
576,Medium,0.0,False,Stable,Low,"Dominant intensity=Medium, anomaly_ratio=0.0"
577,Low,0.0,False,Stable,Low,"Dominant intensity=Low, anomaly_ratio=0.0"
580,Low,0.0,False,Stable,Low,"Dominant intensity=Low, anomaly_ratio=0.0"
581,Low,0.0,False,Stable,Low,"Dominant intensity=Low, anomaly_ratio=0.0"
582,Medium,0.0,False,Stable,Low,"Dominant intensity=Medium, anomaly_ratio=0.0"
583,Medium,0.0,False,Stable,Low,"Dominant intensity=Medium, anomaly_ratio=0.0"
584,Low,0.0,False,Stable,Low,"Dominant intensity=Low, anomaly_ratio=0.0"
585,Low,0.0,False,Stable,Low,"Dominant intensity=Low, anomaly_ratio=0.0"
586,Low,0.0,False,Stable,Low,"Dominant intensity=Low, anomaly_ratio=0.0"
589,Low,0.0423728813559322,True,Inconsistent,High,"Dominant intensity=Low, anomaly_ratio=0.04"
592,High,0.0,False,Impulsive,Medium,"Dominant intensity=High, anomaly_ratio=0.0"
595,Medium,0.0,False,Stable,Low,"Dominant intensity=Medium, anomaly_ratio=0.0"
596,Low,0.0,False,Stable,Low,"Dominant intensity=Low, anomaly_ratio=0.0"
597,Medium,0.0,False,Stable,Low,"Dominant intensity=Medium, anomaly_ratio=0.0"
598,High,0.0,False,Impulsive,Medium,"Dominant intensity=High, anomaly_ratio=0.0"
601,Low,0.0,False,Stable,Low,"Dominant intensity=Low, anomaly_ratio=0.0"
602,High,0.0,False,Impulsive,Medium,"Dominant intensity=High, anomaly_ratio=0.0"
604,Medium,0.0,False,Stable,Low,"Dominant intensity=Medium, anomaly_ratio=0.0"
605,Low,0.0,False,Stable,Low,"Dominant intensity=Low, anomaly_ratio=0.0"
608,Low,0.0,False,Stable,Low,"Dominant intensity=Low, anomaly_ratio=0.0"
609,Low,0.0,False,Stable,Low,"Dominant intensity=Low, anomaly_ratio=0.0"
613,Low,0.0,False,Stable,Low,"Dominant intensity=Low, anomaly_ratio=0.0"
614,Low,0.0,False,Stable,Low,"Dominant intensity=Low, anomaly_ratio=0.0"
615,Medium,0.0,False,Stable,Low,"Dominant intensity=Medium, anomaly_ratio=0.0"
616,Low,0.0,False,Stable,Low,"Dominant intensity=Low, anomaly_ratio=0.0"
618,Low,0.0,False,Stable,Low,"Dominant intensity=Low, anomaly_ratio=0.0"
619,Medium,0.0,False,Stable,Low,"Dominant intensity=Medium, anomaly_ratio=0.0"
621,Low,0.0,False,Stable,Low,"Dominant intensity=Low, anomaly_ratio=0.0"
623,Medium,0.0,False,Stable,Low,"Dominant intensity=Medium, anomaly_ratio=0.0"
628,Medium,0.0,False,Stable,Low,"Dominant intensity=Medium, anomaly_ratio=0.0"
629,Medium,0.0,False,Stable,Low,"Dominant intensity=Medium, anomaly_ratio=0.0"
630,High,0.025423728813559324,True,Inconsistent,High,"Dominant intensity=High, anomaly_ratio=0.03"
631,Low,0.0,False,Stable,Low,"Dominant intensity=Low, anomaly_ratio=0.0"
633,Medium,0.059322033898305086,True,Inconsistent,High,"Dominant intensity=Medium, anomaly_ratio=0.06"
634,Medium,0.0,False,Stable,Low,"Dominant intensity=Medium, anomaly_ratio=0.0"
636,Low,0.0,False,Stable,Low,"Dominant intensity=Low, anomaly_ratio=0.0"
637,Low,0.0,False,Stable,Low,"Dominant intensity=Low, anomaly_ratio=0.0"
638,Medium,0.1016949152542373,True,Inconsistent,High,"Dominant intensity=Medium, anomaly_ratio=0.1"
639,Low,0.0,False,Stable,Low,"Dominant intensity=Low, anomaly_ratio=0.0"
641,High,0.0,False,Impulsive,Medium,"Dominant intensity=High, anomaly_ratio=0.0"
642,Medium,0.0,False,Stable,Low,"Dominant intensity=Medium, anomaly_ratio=0.0"
643,Low,0.0,False,Stable,Low,"Dominant intensity=Low, anomaly_ratio=0.0"
644,Medium,0.008695652173913044,True,Inconsistent,High,"Dominant intensity=Medium, anomaly_ratio=0.01"
646,Low,0.0,False,Stable,Low,"Dominant intensity=Low, anomaly_ratio=0.0"
647,Low,0.0,False,Stable,Low,"Dominant intensity=Low, anomaly_ratio=0.0"
648,Low,0.0,False,Stable,Low,"Dominant intensity=Low, anomaly_ratio=0.0"
649,Low,0.0,False,Stable,Low,"Dominant intensity=Low, anomaly_ratio=0.0"
650,Low,0.0,False,Stable,Low,"Dominant intensity=Low, anomaly_ratio=0.0"
652,Low,0.0,False,Stable,Low,"Dominant intensity=Low, anomaly_ratio=0.0"
655,Low,0.0,False,Stable,Low,"Dominant intensity=Low, anomaly_ratio=0.0"
657,Low,0.0,False,Stable,Low,"Dominant intensity=Low, anomaly_ratio=0.0"
658,Low,0.0,False,Stable,Low,"Dominant intensity=Low, anomaly_ratio=0.0"
659,Low,0.0,False,Stable,Low,"Dominant intensity=Low, anomaly_ratio=0.0"
660,Low,0.0,False,Stable,Low,"Dominant intensity=Low, anomaly_ratio=0.0"
661,Low,0.0,False,Stable,Low,"Dominant intensity=Low, anomaly_ratio=0.0"
662,High,0.0,False,Impulsive,Medium,"Dominant intensity=High, anomaly_ratio=0.0"
663,Medium,0.0,False,Stable,Low,"Dominant intensity=Medium, anomaly_ratio=0.0"
665,Low,0.0,False,Stable,Low,"Dominant intensity=Low, anomaly_ratio=0.0"
667,Low,0.0,False,Stable,Low,"Dominant intensity=Low, anomaly_ratio=0.0"
668,Low,0.0,False,Stable,Low,"Dominant intensity=Low, anomaly_ratio=0.0"
669,Low,0.0,False,Stable,Low,"Dominant intensity=Low, anomaly_ratio=0.0"
671,Medium,0.0,False,Stable,Low,"Dominant intensity=Medium, anomaly_ratio=0.0"
672,Low,0.0,False,Stable,Low,"Dominant intensity=Low, anomaly_ratio=0.0"
674,Low,0.0,False,Stable,Low,"Dominant intensity=Low, anomaly_ratio=0.0"
675,Low,0.0,False,Stable,Low,"Dominant intensity=Low, anomaly_ratio=0.0"
676,Low,0.0,False,Stable,Low,"Dominant intensity=Low, anomaly_ratio=0.0"
677,Medium,0.0,False,Stable,Low,"Dominant intensity=Medium, anomaly_ratio=0.0"
678,Low,0.0,False,Stable,Low,"Dominant intensity=Low, anomaly_ratio=0.0"
679,Low,0.0,False,Stable,Low,"Dominant intensity=Low, anomaly_ratio=0.0"
683,Medium,0.0,False,Stable,Low,"Dominant intensity=Medium, anomaly_ratio=0.0"
684,Low,0.0,False,Stable,Low,"Dominant intensity=Low, anomaly_ratio=0.0"
688,Low,0.0,False,Stable,Low,"Dominant intensity=Low, anomaly_ratio=0.0"
692,Low,0.0,False,Stable,Low,"Dominant intensity=Low, anomaly_ratio=0.0"
696,Medium,0.0,False,Stable,Low,"Dominant intensity=Medium, anomaly_ratio=0.0"
697,Medium,0.10434782608695652,True,Inconsistent,High,"Dominant intensity=Medium, anomaly_ratio=0.1"
699,Low,0.0,False,Stable,Low,"Dominant intensity=Low, anomaly_ratio=0.0"
702,Medium,0.0,False,Stable,Low,"Dominant intensity=Medium, anomaly_ratio=0.0"
704,High,0.01694915254237288,True,Inconsistent,High,"Dominant intensity=High, anomaly_ratio=0.02"
705,High,0.0,False,Impulsive,Medium,"Dominant intensity=High, anomaly_ratio=0.0"
706,Medium,0.00847457627118644,True,Inconsistent,High,"Dominant intensity=Medium, anomaly_ratio=0.01"
708,Medium,0.0,False,Stable,Low,"Dominant intensity=Medium, anomaly_ratio=0.0"
709,Low,0.0,False,Stable,Low,"Dominant intensity=Low, anomaly_ratio=0.0"
711,Medium,0.0,False,Stable,Low,"Dominant intensity=Medium, anomaly_ratio=0.0"
712,Low,0.0,False,Stable,Low,"Dominant intensity=Low, anomaly_ratio=0.0"
714,Low,0.0,False,Stable,Low,"Dominant intensity=Low, anomaly_ratio=0.0"
716,Low,0.0,False,Stable,Low,"Dominant intensity=Low, anomaly_ratio=0.0"
719,Low,0.0,False,Stable,Low,"Dominant intensity=Low, anomaly_ratio=0.0"
720,Low,0.0,False,Stable,Low,"Dominant intensity=Low, anomaly_ratio=0.0"
721,Low,0.0,False,Stable,Low,"Dominant intensity=Low, anomaly_ratio=0.0"
723,Low,0.0,False,Stable,Low,"Dominant intensity=Low, anomaly_ratio=0.0"
724,Low,0.0,False,Stable,Low,"Dominant intensity=Low, anomaly_ratio=0.0"
726,Low,0.0,False,Stable,Low,"Dominant intensity=Low, anomaly_ratio=0.0"
727,Low,0.0,False,Stable,Low,"Dominant intensity=Low, anomaly_ratio=0.0"
728,Medium,0.0,False,Stable,Low,"Dominant intensity=Medium, anomaly_ratio=0.0"
729,Low,0.0,False,Stable,Low,"Dominant intensity=Low, anomaly_ratio=0.0"
731,Medium,0.041666666666666664,True,Inconsistent,High,"Dominant intensity=Medium, anomaly_ratio=0.04"
732,Medium,0.0,False,Stable,Low,"Dominant intensity=Medium, anomaly_ratio=0.0"
733,High,0.0,False,Impulsive,Medium,"Dominant intensity=High, anomaly_ratio=0.0"
734,Low,0.0,False,Stable,Low,"Dominant intensity=Low, anomaly_ratio=0.0"
737,High,0.0,False,Impulsive,Medium,"Dominant intensity=High, anomaly_ratio=0.0"
738,Medium,0.0,False,Stable,Low,"Dominant intensity=Medium, anomaly_ratio=0.0"
742,Medium,0.0,False,Stable,Low,"Dominant intensity=Medium, anomaly_ratio=0.0"
743,Low,0.0,False,Stable,Low,"Dominant intensity=Low, anomaly_ratio=0.0"
744,Low,0.0,False,Stable,Low,"Dominant intensity=Low, anomaly_ratio=0.0"
746,Low,0.0,False,Stable,Low,"Dominant intensity=Low, anomaly_ratio=0.0"
747,Low,0.0,False,Stable,Low,"Dominant intensity=Low, anomaly_ratio=0.0"
748,Low,0.0,False,Stable,Low,"Dominant intensity=Low, anomaly_ratio=0.0"
750,Low,0.0,False,Stable,Low,"Dominant intensity=Low, anomaly_ratio=0.0"
751,Medium,0.0,False,Stable,Low,"Dominant intensity=Medium, anomaly_ratio=0.0"
752,Medium,0.0847457627118644,True,Inconsistent,High,"Dominant intensity=Medium, anomaly_ratio=0.08"
753,Low,0.0,False,Stable,Low,"Dominant intensity=Low, anomaly_ratio=0.0"
754,High,0.0,False,Impulsive,Medium,"Dominant intensity=High, anomaly_ratio=0.0"
755,Low,0.0,False,Stable,Low,"Dominant intensity=Low, anomaly_ratio=0.0"
756,Medium,0.017857142857142856,True,Inconsistent,High,"Dominant intensity=Medium, anomaly_ratio=0.02"
757,Medium,0.0,False,Stable,Low,"Dominant intensity=Medium, anomaly_ratio=0.0"
758,Low,0.00847457627118644,True,Inconsistent,High,"Dominant intensity=Low, anomaly_ratio=0.01"
759,Low,0.0,False,Stable,Low,"Dominant intensity=Low, anomaly_ratio=0.0"
760,Low,0.0,False,Stable,Low,"Dominant intensity=Low, anomaly_ratio=0.0"
762,Low,0.0,False,Stable,Low,"Dominant intensity=Low, anomaly_ratio=0.0"
763,Medium,0.0,False,Stable,Low,"Dominant intensity=Medium, anomaly_ratio=0.0"
764,Medium,0.0,False,Stable,Low,"Dominant intensity=Medium, anomaly_ratio=0.0"
771,Medium,0.0,False,Stable,Low,"Dominant intensity=Medium, anomaly_ratio=0.0"
772,Low,0.0423728813559322,True,Inconsistent,High,"Dominant intensity=Low, anomaly_ratio=0.04"
773,Low,0.0,False,Stable,Low,"Dominant intensity=Low, anomaly_ratio=0.0"
774,Medium,0.0,False,Stable,Low,"Dominant intensity=Medium, anomaly_ratio=0.0"
776,Medium,0.00847457627118644,True,Inconsistent,High,"Dominant intensity=Medium, anomaly_ratio=0.01"
779,High,0.0,False,Impulsive,Medium,"Dominant intensity=High, anomaly_ratio=0.0"
780,Low,0.0,False,Stable,Low,"Dominant intensity=Low, anomaly_ratio=0.0"
782,High,0.0,False,Impulsive,Medium,"Dominant intensity=High, anomaly_ratio=0.0"
783,Low,0.0,False,Stable,Low,"Dominant intensity=Low, anomaly_ratio=0.0"
789,Low,0.0,False,Stable,Low,"Dominant intensity=Low, anomaly_ratio=0.0"
790,Low,0.0,False,Stable,Low,"Dominant intensity=Low, anomaly_ratio=0.0"
791,Low,0.0,False,Stable,Low,"Dominant intensity=Low, anomaly_ratio=0.0"
793,Low,0.0,False,Stable,Low,"Dominant intensity=Low, anomaly_ratio=0.0"
794,Medium,0.012195121951219513,True,Inconsistent,High,"Dominant intensity=Medium, anomaly_ratio=0.01"
795,High,0.0,False,Impulsive,Medium,"Dominant intensity=High, anomaly_ratio=0.0"
797,Low,0.0,False,Stable,Low,"Dominant intensity=Low, anomaly_ratio=0.0"
798,Medium,0.0,False,Stable,Low,"Dominant intensity=Medium, anomaly_ratio=0.0"
799,Medium,0.009615384615384616,True,Inconsistent,High,"Dominant intensity=Medium, anomaly_ratio=0.01"
801,Low,0.0,False,Stable,Low,"Dominant intensity=Low, anomaly_ratio=0.0"
802,Medium,0.0,False,Stable,Low,"Dominant intensity=Medium, anomaly_ratio=0.0"
803,Low,0.0,False,Stable,Low,"Dominant intensity=Low, anomaly_ratio=0.0"
804,Low,0.0,False,Stable,Low,"Dominant intensity=Low, anomaly_ratio=0.0"
807,Low,0.0,False,Stable,Low,"Dominant intensity=Low, anomaly_ratio=0.0"
808,Medium,0.0,False,Stable,Low,"Dominant intensity=Medium, anomaly_ratio=0.0"
810,Medium,0.0,False,Stable,Low,"Dominant intensity=Medium, anomaly_ratio=0.0"
811,High,0.0,False,Impulsive,Medium,"Dominant intensity=High, anomaly_ratio=0.0"
814,Low,0.0,False,Stable,Low,"Dominant intensity=Low, anomaly_ratio=0.0"
816,Low,0.0,False,Stable,Low,"Dominant intensity=Low, anomaly_ratio=0.0"
819,Low,0.0,False,Stable,Low,"Dominant intensity=Low, anomaly_ratio=0.0"
820,Low,0.0,False,Stable,Low,"Dominant intensity=Low, anomaly_ratio=0.0"
821,Low,0.0,False,Stable,Low,"Dominant intensity=Low, anomaly_ratio=0.0"
822,Medium,0.00847457627118644,True,Inconsistent,High,"Dominant intensity=Medium, anomaly_ratio=0.01"
823,Low,0.0,False,Stable,Low,"Dominant intensity=Low, anomaly_ratio=0.0"
825,Medium,0.0,False,Stable,Low,"Dominant intensity=Medium, anomaly_ratio=0.0"
826,Medium,0.025423728813559324,True,Inconsistent,High,"Dominant intensity=Medium, anomaly_ratio=0.03"
827,Low,0.0,False,Stable,Low,"Dominant intensity=Low, anomaly_ratio=0.0"
828,High,0.0,False,Impulsive,Medium,"Dominant intensity=High, anomaly_ratio=0.0"
831,Medium,0.0,False,Stable,Low,"Dominant intensity=Medium, anomaly_ratio=0.0"
832,Medium,0.03389830508474576,True,Inconsistent,High,"Dominant intensity=Medium, anomaly_ratio=0.03"
837,Low,0.0,False,Stable,Low,"Dominant intensity=Low, anomaly_ratio=0.0"
839,Medium,0.05084745762711865,True,Inconsistent,High,"Dominant intensity=Medium, anomaly_ratio=0.05"
840,High,0.9915254237288136,True,Inconsistent,High,"Dominant intensity=High, anomaly_ratio=0.99"
843,Low,0.0,False,Stable,Low,"Dominant intensity=Low, anomaly_ratio=0.0"
844,Medium,0.012658227848101266,True,Inconsistent,High,"Dominant intensity=Medium, anomaly_ratio=0.01"
845,Low,0.0,False,Stable,Low,"Dominant intensity=Low, anomaly_ratio=0.0"
846,High,0.0,False,Impulsive,Medium,"Dominant intensity=High, anomaly_ratio=0.0"
847,Medium,0.0,False,Stable,Low,"Dominant intensity=Medium, anomaly_ratio=0.0"
848,Medium,0.0,False,Stable,Low,"Dominant intensity=Medium, anomaly_ratio=0.0"
849,Low,0.0,False,Stable,Low,"Dominant intensity=Low, anomaly_ratio=0.0"
850,Low,0.0,False,Stable,Low,"Dominant intensity=Low, anomaly_ratio=0.0"
851,Low,0.0,False,Stable,Low,"Dominant intensity=Low, anomaly_ratio=0.0"
852,High,0.0,False,Impulsive,Medium,"Dominant intensity=High, anomaly_ratio=0.0"
855,Low,0.0,False,Stable,Low,"Dominant intensity=Low, anomaly_ratio=0.0"
856,Medium,0.8584905660377359,True,Inconsistent,High,"Dominant intensity=Medium, anomaly_ratio=0.86"
858,High,0.0,False,Impulsive,Medium,"Dominant intensity=High, anomaly_ratio=0.0"
859,Low,0.0,False,Stable,Low,"Dominant intensity=Low, anomaly_ratio=0.0"
860,High,0.0,False,Impulsive,Medium,"Dominant intensity=High, anomaly_ratio=0.0"
862,Low,0.0,False,Stable,Low,"Dominant intensity=Low, anomaly_ratio=0.0"
863,Low,0.0,False,Stable,Low,"Dominant intensity=Low, anomaly_ratio=0.0"
865,Medium,0.0,False,Stable,Low,"Dominant intensity=Medium, anomaly_ratio=0.0"
866,Low,0.0,False,Stable,Low,"Dominant intensity=Low, anomaly_ratio=0.0"
868,Medium,0.0,False,Stable,Low,"Dominant intensity=Medium, anomaly_ratio=0.0"
869,Low,0.0,False,Stable,Low,"Dominant intensity=Low, anomaly_ratio=0.0"
870,Low,0.0,False,Stable,Low,"Dominant intensity=Low, anomaly_ratio=0.0"
871,High,0.0,False,Impulsive,Medium,"Dominant intensity=High, anomaly_ratio=0.0"
872,Low,0.0,False,Stable,Low,"Dominant intensity=Low, anomaly_ratio=0.0"
875,Low,0.03389830508474576,True,Inconsistent,High,"Dominant intensity=Low, anomaly_ratio=0.03"
876,Medium,0.0,False,Stable,Low,"Dominant intensity=Medium, anomaly_ratio=0.0"
877,Medium,0.0,False,Stable,Low,"Dominant intensity=Medium, anomaly_ratio=0.0"
879,Low,0.0,False,Stable,Low,"Dominant intensity=Low, anomaly_ratio=0.0"
882,Low,0.0,False,Stable,Low,"Dominant intensity=Low, anomaly_ratio=0.0"
883,Medium,0.0,False,Stable,Low,"Dominant intensity=Medium, anomaly_ratio=0.0"
884,Low,0.0,False,Stable,Low,"Dominant intensity=Low, anomaly_ratio=0.0"
885,Low,0.0,False,Stable,Low,"Dominant intensity=Low, anomaly_ratio=0.0"
888,Medium,0.0,False,Stable,Low,"Dominant intensity=Medium, anomaly_ratio=0.0"
890,Medium,0.0,False,Stable,Low,"Dominant intensity=Medium, anomaly_ratio=0.0"
891,Low,0.0,False,Stable,Low,"Dominant intensity=Low, anomaly_ratio=0.0"
895,Low,0.0,False,Stable,Low,"Dominant intensity=Low, anomaly_ratio=0.0"
897,Low,0.025,True,Inconsistent,High,"Dominant intensity=Low, anomaly_ratio=0.02"
898,Low,0.0,False,Stable,Low,"Dominant intensity=Low, anomaly_ratio=0.0"
900,Low,0.0,False,Stable,Low,"Dominant intensity=Low, anomaly_ratio=0.0"
901,Low,0.0,False,Stable,Low,"Dominant intensity=Low, anomaly_ratio=0.0"
905,Medium,0.0,False,Stable,Low,"Dominant intensity=Medium, anomaly_ratio=0.0"
906,Low,0.0,False,Stable,Low,"Dominant intensity=Low, anomaly_ratio=0.0"
908,Low,0.0,False,Stable,Low,"Dominant intensity=Low, anomaly_ratio=0.0"
909,High,0.7542372881355932,True,Inconsistent,High,"Dominant intensity=High, anomaly_ratio=0.75"
912,Low,0.0,False,Stable,Low,"Dominant intensity=Low, anomaly_ratio=0.0"
913,Low,0.0,False,Stable,Low,"Dominant intensity=Low, anomaly_ratio=0.0"
914,Low,0.0,False,Stable,Low,"Dominant intensity=Low, anomaly_ratio=0.0"
917,Low,0.0,False,Stable,Low,"Dominant intensity=Low, anomaly_ratio=0.0"
918,Low,0.0,False,Stable,Low,"Dominant intensity=Low, anomaly_ratio=0.0"
920,Low,0.0,False,Stable,Low,"Dominant intensity=Low, anomaly_ratio=0.0"
921,High,0.0,False,Impulsive,Medium,"Dominant intensity=High, anomaly_ratio=0.0"
924,Low,0.0,False,Stable,Low,"Dominant intensity=Low, anomaly_ratio=0.0"
928,Low,0.0,False,Stable,Low,"Dominant intensity=Low, anomaly_ratio=0.0"
931,Medium,0.0,False,Stable,Low,"Dominant intensity=Medium, anomaly_ratio=0.0"
932,Low,0.0,False,Stable,Low,"Dominant intensity=Low, anomaly_ratio=0.0"
933,Low,0.0,False,Stable,Low,"Dominant intensity=Low, anomaly_ratio=0.0"
938,Low,0.0,False,Stable,Low,"Dominant intensity=Low, anomaly_ratio=0.0"
939,Medium,0.0,False,Stable,Low,"Dominant intensity=Medium, anomaly_ratio=0.0"
940,Low,0.0,False,Stable,Low,"Dominant intensity=Low, anomaly_ratio=0.0"
942,Low,0.0,False,Stable,Low,"Dominant intensity=Low, anomaly_ratio=0.0"
944,Medium,0.059322033898305086,True,Inconsistent,High,"Dominant intensity=Medium, anomaly_ratio=0.06"
946,Low,0.0,False,Stable,Low,"Dominant intensity=Low, anomaly_ratio=0.0"
947,High,0.0,False,Impulsive,Medium,"Dominant intensity=High, anomaly_ratio=0.0"
948,Low,0.0,False,Stable,Low,"Dominant intensity=Low, anomaly_ratio=0.0"
949,Medium,0.0,False,Stable,Low,"Dominant intensity=Medium, anomaly_ratio=0.0"
951,Low,0.0,False,Stable,Low,"Dominant intensity=Low, anomaly_ratio=0.0"
952,Medium,0.0,False,Stable,Low,"Dominant intensity=Medium, anomaly_ratio=0.0"
954,High,0.0,False,Impulsive,Medium,"Dominant intensity=High, anomaly_ratio=0.0"
955,Low,0.0,False,Stable,Low,"Dominant intensity=Low, anomaly_ratio=0.0"
957,Medium,0.0,False,Stable,Low,"Dominant intensity=Medium, anomaly_ratio=0.0"
961,Low,0.0,False,Stable,Low,"Dominant intensity=Low, anomaly_ratio=0.0"
962,Low,0.0,False,Stable,Low,"Dominant intensity=Low, anomaly_ratio=0.0"
963,Low,0.0,False,Stable,Low,"Dominant intensity=Low, anomaly_ratio=0.0"
964,Low,0.0,False,Stable,Low,"Dominant intensity=Low, anomaly_ratio=0.0"
970,Low,0.0,False,Stable,Low,"Dominant intensity=Low, anomaly_ratio=0.0"
972,High,0.0,False,Impulsive,Medium,"Dominant intensity=High, anomaly_ratio=0.0"
973,Low,0.0,False,Stable,Low,"Dominant intensity=Low, anomaly_ratio=0.0"
976,High,0.0,False,Impulsive,Medium,"Dominant intensity=High, anomaly_ratio=0.0"
977,Low,0.0,False,Stable,Low,"Dominant intensity=Low, anomaly_ratio=0.0"
979,Medium,0.00847457627118644,True,Inconsistent,High,"Dominant intensity=Medium, anomaly_ratio=0.01"
980,Low,0.0,False,Stable,Low,"Dominant intensity=Low, anomaly_ratio=0.0"
983,Low,0.0,False,Stable,Low,"Dominant intensity=Low, anomaly_ratio=0.0"
984,Medium,0.0,False,Stable,Low,"Dominant intensity=Medium, anomaly_ratio=0.0"
985,Medium,0.03389830508474576,True,Inconsistent,High,"Dominant intensity=Medium, anomaly_ratio=0.03"
986,Low,0.0,False,Stable,Low,"Dominant intensity=Low, anomaly_ratio=0.0"
987,High,0.00847457627118644,True,Inconsistent,High,"Dominant intensity=High, anomaly_ratio=0.01"
988,Medium,0.017543859649122806,True,Inconsistent,High,"Dominant intensity=Medium, anomaly_ratio=0.02"
989,Medium,0.0,False,Stable,Low,"Dominant intensity=Medium, anomaly_ratio=0.0"
990,Low,0.0,False,Stable,Low,"Dominant intensity=Low, anomaly_ratio=0.0"
992,Medium,0.0,False,Stable,Low,"Dominant intensity=Medium, anomaly_ratio=0.0"
994,Low,0.0,False,Stable,Low,"Dominant intensity=Low, anomaly_ratio=0.0"
996,High,0.0,False,Impulsive,Medium,"Dominant intensity=High, anomaly_ratio=0.0"
997,High,0.0423728813559322,True,Inconsistent,High,"Dominant intensity=High, anomaly_ratio=0.04"
1002,Medium,0.017094017094017096,True,Inconsistent,High,"Dominant intensity=Medium, anomaly_ratio=0.02"
1003,Medium,0.5949367088607594,True,Inconsistent,High,"Dominant intensity=Medium, anomaly_ratio=0.59"
1006,Low,0.0,False,Stable,Low,"Dominant intensity=Low, anomaly_ratio=0.0"
1008,Low,0.0,False,Stable,Low,"Dominant intensity=Low, anomaly_ratio=0.0"
1009,Low,0.0,False,Stable,Low,"Dominant intensity=Low, anomaly_ratio=0.0"
1012,Medium,0.01282051282051282,True,Inconsistent,High,"Dominant intensity=Medium, anomaly_ratio=0.01"
1016,Low,0.22033898305084745,True,Inconsistent,High,"Dominant intensity=Low, anomaly_ratio=0.22"
1018,High,0.0,False,Impulsive,Medium,"Dominant intensity=High, anomaly_ratio=0.0"
1019,Medium,0.0,False,Stable,Low,"Dominant intensity=Medium, anomaly_ratio=0.0"
1020,High,0.0,False,Impulsive,Medium,"Dominant intensity=High, anomaly_ratio=0.0"
1022,Medium,0.0,False,Stable,Low,"Dominant intensity=Medium, anomaly_ratio=0.0"
1024,Low,0.0,False,Stable,Low,"Dominant intensity=Low, anomaly_ratio=0.0"
1026,Low,0.0,False,Stable,Low,"Dominant intensity=Low, anomaly_ratio=0.0"
1027,Medium,0.0,False,Stable,Low,"Dominant intensity=Medium, anomaly_ratio=0.0"
1028,Medium,0.0,False,Stable,Low,"Dominant intensity=Medium, anomaly_ratio=0.0"
1029,Medium,0.01694915254237288,True,Inconsistent,High,"Dominant intensity=Medium, anomaly_ratio=0.02"
1030,Low,0.0,False,Stable,Low,"Dominant intensity=Low, anomaly_ratio=0.0"
1031,Medium,0.03389830508474576,True,Inconsistent,High,"Dominant intensity=Medium, anomaly_ratio=0.03"
1034,Medium,0.0,False,Stable,Low,"Dominant intensity=Medium, anomaly_ratio=0.0"
1039,Low,0.0,False,Stable,Low,"Dominant intensity=Low, anomaly_ratio=0.0"
1041,Low,0.0,False,Stable,Low,"Dominant intensity=Low, anomaly_ratio=0.0"
1046,High,0.0,False,Impulsive,Medium,"Dominant intensity=High, anomaly_ratio=0.0"
1047,Medium,0.0,False,Stable,Low,"Dominant intensity=Medium, anomaly_ratio=0.0"
1048,Low,0.0,False,Stable,Low,"Dominant intensity=Low, anomaly_ratio=0.0"
1050,High,0.0,False,Impulsive,Medium,"Dominant intensity=High, anomaly_ratio=0.0"
1052,Medium,0.0,False,Stable,Low,"Dominant intensity=Medium, anomaly_ratio=0.0"
1053,Medium,0.0,False,Stable,Low,"Dominant intensity=Medium, anomaly_ratio=0.0"
1054,Low,0.0,False,Stable,Low,"Dominant intensity=Low, anomaly_ratio=0.0"
1058,Low,0.0,False,Stable,Low,"Dominant intensity=Low, anomaly_ratio=0.0"
1060,Medium,0.0,False,Stable,Low,"Dominant intensity=Medium, anomaly_ratio=0.0"
1063,High,0.0,False,Impulsive,Medium,"Dominant intensity=High, anomaly_ratio=0.0"
1066,High,0.00847457627118644,True,Inconsistent,High,"Dominant intensity=High, anomaly_ratio=0.01"
1067,Low,0.0,False,Stable,Low,"Dominant intensity=Low, anomaly_ratio=0.0"
1069,Low,0.0,False,Stable,Low,"Dominant intensity=Low, anomaly_ratio=0.0"
1070,Low,0.0,False,Stable,Low,"Dominant intensity=Low, anomaly_ratio=0.0"
1072,Medium,0.0,False,Stable,Low,"Dominant intensity=Medium, anomaly_ratio=0.0"
1073,Low,0.0,False,Stable,Low,"Dominant intensity=Low, anomaly_ratio=0.0"
1074,Medium,0.0,False,Stable,Low,"Dominant intensity=Medium, anomaly_ratio=0.0"
1075,High,0.0,False,Impulsive,Medium,"Dominant intensity=High, anomaly_ratio=0.0"
1076,Low,0.0,False,Stable,Low,"Dominant intensity=Low, anomaly_ratio=0.0"
1077,High,0.0,False,Impulsive,Medium,"Dominant intensity=High, anomaly_ratio=0.0"
1078,Medium,0.0,False,Stable,Low,"Dominant intensity=Medium, anomaly_ratio=0.0"
1079,High,0.0,False,Impulsive,Medium,"Dominant intensity=High, anomaly_ratio=0.0"
1080,Low,0.0,False,Stable,Low,"Dominant intensity=Low, anomaly_ratio=0.0"
1081,High,0.0,False,Impulsive,Medium,"Dominant intensity=High, anomaly_ratio=0.0"
1082,Low,0.0,False,Stable,Low,"Dominant intensity=Low, anomaly_ratio=0.0"
1083,High,0.0,False,Impulsive,Medium,"Dominant intensity=High, anomaly_ratio=0.0"
1084,Low,0.0,False,Stable,Low,"Dominant intensity=Low, anomaly_ratio=0.0"
1086,Medium,0.00847457627118644,True,Inconsistent,High,"Dominant intensity=Medium, anomaly_ratio=0.01"
1087,Low,0.0,False,Stable,Low,"Dominant intensity=Low, anomaly_ratio=0.0"
1088,Low,0.0,False,Stable,Low,"Dominant intensity=Low, anomaly_ratio=0.0"
1089,Medium,0.0,False,Stable,Low,"Dominant intensity=Medium, anomaly_ratio=0.0"
1091,Medium,0.0,False,Stable,Low,"Dominant intensity=Medium, anomaly_ratio=0.0"
1094,Low,0.01694915254237288,True,Inconsistent,High,"Dominant intensity=Low, anomaly_ratio=0.02"
1095,Medium,0.0,False,Stable,Low,"Dominant intensity=Medium, anomaly_ratio=0.0"
1096,High,0.0,False,Impulsive,Medium,"Dominant intensity=High, anomaly_ratio=0.0"
1097,Low,0.0,False,Stable,Low,"Dominant intensity=Low, anomaly_ratio=0.0"
1098,High,1.0,True,Inconsistent,High,"Dominant intensity=High, anomaly_ratio=1.0"
1100,Medium,0.07627118644067797,True,Inconsistent,High,"Dominant intensity=Medium, anomaly_ratio=0.08"
1102,High,0.0,False,Impulsive,Medium,"Dominant intensity=High, anomaly_ratio=0.0"
1103,Low,0.0,False,Stable,Low,"Dominant intensity=Low, anomaly_ratio=0.0"
1104,High,0.0,False,Impulsive,Medium,"Dominant intensity=High, anomaly_ratio=0.0"
1105,High,0.0,False,Impulsive,Medium,"Dominant intensity=High, anomaly_ratio=0.0"
1106,Low,0.0,False,Stable,Low,"Dominant intensity=Low, anomaly_ratio=0.0"
1107,Low,0.0,False,Stable,Low,"Dominant intensity=Low, anomaly_ratio=0.0"
1114,Low,0.0,False,Stable,Low,"Dominant intensity=Low, anomaly_ratio=0.0"
1115,High,0.0,False,Impulsive,Medium,"Dominant intensity=High, anomaly_ratio=0.0"
1116,High,0.0,False,Impulsive,Medium,"Dominant intensity=High, anomaly_ratio=0.0"
1117,High,0.05084745762711865,True,Inconsistent,High,"Dominant intensity=High, anomaly_ratio=0.05"
1118,Medium,0.013513513513513514,True,Inconsistent,High,"Dominant intensity=Medium, anomaly_ratio=0.01"
1121,High,0.0,False,Impulsive,Medium,"Dominant intensity=High, anomaly_ratio=0.0"
1123,Low,0.0,False,Stable,Low,"Dominant intensity=Low, anomaly_ratio=0.0"
1125,Medium,0.0,False,Stable,Low,"Dominant intensity=Medium, anomaly_ratio=0.0"
1127,Low,0.0,False,Stable,Low,"Dominant intensity=Low, anomaly_ratio=0.0"
1128,Low,0.0,False,Stable,Low,"Dominant intensity=Low, anomaly_ratio=0.0"
1129,High,0.0,False,Impulsive,Medium,"Dominant intensity=High, anomaly_ratio=0.0"
1130,Medium,0.0,False,Stable,Low,"Dominant intensity=Medium, anomaly_ratio=0.0"
1131,Medium,0.009259259259259259,True,Inconsistent,High,"Dominant intensity=Medium, anomaly_ratio=0.01"
1133,Low,0.0,False,Stable,Low,"Dominant intensity=Low, anomaly_ratio=0.0"
1135,High,0.0,False,Impulsive,Medium,"Dominant intensity=High, anomaly_ratio=0.0"
1137,Medium,0.0,False,Stable,Low,"Dominant intensity=Medium, anomaly_ratio=0.0"
1138,High,0.0,False,Impulsive,Medium,"Dominant intensity=High, anomaly_ratio=0.0"
1140,Low,0.0,False,Stable,Low,"Dominant intensity=Low, anomaly_ratio=0.0"
1141,Low,0.0,False,Stable,Low,"Dominant intensity=Low, anomaly_ratio=0.0"
1142,Medium,0.0,False,Stable,Low,"Dominant intensity=Medium, anomaly_ratio=0.0"
1144,High,0.0,False,Impulsive,Medium,"Dominant intensity=High, anomaly_ratio=0.0"
1145,High,0.0,False,Impulsive,Medium,"Dominant intensity=High, anomaly_ratio=0.0"
1147,High,0.0,False,Impulsive,Medium,"Dominant intensity=High, anomaly_ratio=0.0"
1148,Low,0.0,False,Stable,Low,"Dominant intensity=Low, anomaly_ratio=0.0"
1150,High,0.0,False,Impulsive,Medium,"Dominant intensity=High, anomaly_ratio=0.0"
1151,Low,0.05084745762711865,True,Inconsistent,High,"Dominant intensity=Low, anomaly_ratio=0.05"
1153,Low,0.03389830508474576,True,Inconsistent,High,"Dominant intensity=Low, anomaly_ratio=0.03"
1155,Medium,0.0,False,Stable,Low,"Dominant intensity=Medium, anomaly_ratio=0.0"
1156,High,0.0,False,Impulsive,Medium,"Dominant intensity=High, anomaly_ratio=0.0"
1163,Medium,0.00847457627118644,True,Inconsistent,High,"Dominant intensity=Medium, anomaly_ratio=0.01"
1164,Medium,0.00847457627118644,True,Inconsistent,High,"Dominant intensity=Medium, anomaly_ratio=0.01"
1166,High,0.0,False,Impulsive,Medium,"Dominant intensity=High, anomaly_ratio=0.0"
1168,High,0.1864406779661017,True,Inconsistent,High,"Dominant intensity=High, anomaly_ratio=0.19"
1169,High,0.23728813559322035,True,Inconsistent,High,"Dominant intensity=High, anomaly_ratio=0.24"
1170,Low,0.0,False,Stable,Low,"Dominant intensity=Low, anomaly_ratio=0.0"
1171,Medium,0.025423728813559324,True,Inconsistent,High,"Dominant intensity=Medium, anomaly_ratio=0.03"
1173,Medium,0.00847457627118644,True,Inconsistent,High,"Dominant intensity=Medium, anomaly_ratio=0.01"
1176,High,0.0,False,Impulsive,Medium,"Dominant intensity=High, anomaly_ratio=0.0"
1177,Low,0.0,False,Stable,Low,"Dominant intensity=Low, anomaly_ratio=0.0"
1179,Medium,0.0,False,Stable,Low,"Dominant intensity=Medium, anomaly_ratio=0.0"
1180,High,0.0,False,Impulsive,Medium,"Dominant intensity=High, anomaly_ratio=0.0"
1181,Medium,0.0,False,Stable,Low,"Dominant intensity=Medium, anomaly_ratio=0.0"
1183,Low,0.0,False,Stable,Low,"Dominant intensity=Low, anomaly_ratio=0.0"
1184,Low,0.0,False,Stable,Low,"Dominant intensity=Low, anomaly_ratio=0.0"
1187,Medium,0.01694915254237288,True,Inconsistent,High,"Dominant intensity=Medium, anomaly_ratio=0.02"
1189,Low,0.0,False,Stable,Low,"Dominant intensity=Low, anomaly_ratio=0.0"
1190,High,0.0,False,Impulsive,Medium,"Dominant intensity=High, anomaly_ratio=0.0"
1192,Low,0.008547008547008548,True,Inconsistent,High,"Dominant intensity=Low, anomaly_ratio=0.01"
1193,Low,0.0,False,Stable,Low,"Dominant intensity=Low, anomaly_ratio=0.0"
1194,Low,0.0,False,Stable,Low,"Dominant intensity=Low, anomaly_ratio=0.0"
1195,Medium,0.0,False,Stable,Low,"Dominant intensity=Medium, anomaly_ratio=0.0"
1196,Medium,0.0,False,Stable,Low,"Dominant intensity=Medium, anomaly_ratio=0.0"
1198,High,0.0,False,Impulsive,Medium,"Dominant intensity=High, anomaly_ratio=0.0"
1201,Medium,0.0847457627118644,True,Inconsistent,High,"Dominant intensity=Medium, anomaly_ratio=0.08"
1202,Low,0.0,False,Stable,Low,"Dominant intensity=Low, anomaly_ratio=0.0"
1203,Low,0.0,False,Stable,Low,"Dominant intensity=Low, anomaly_ratio=0.0"
1204,Medium,0.0,False,Stable,Low,"Dominant intensity=Medium, anomaly_ratio=0.0"
1207,High,0.0,False,Impulsive,Medium,"Dominant intensity=High, anomaly_ratio=0.0"
1208,Low,0.0,False,Stable,Low,"Dominant intensity=Low, anomaly_ratio=0.0"
1209,High,0.0,False,Impulsive,Medium,"Dominant intensity=High, anomaly_ratio=0.0"
1210,Low,0.0,False,Stable,Low,"Dominant intensity=Low, anomaly_ratio=0.0"
1211,Medium,0.0,False,Stable,Low,"Dominant intensity=Medium, anomaly_ratio=0.0"
1213,Low,0.0,False,Stable,Low,"Dominant intensity=Low, anomaly_ratio=0.0"
1214,Low,0.0,False,Stable,Low,"Dominant intensity=Low, anomaly_ratio=0.0"
1217,Medium,0.0,False,Stable,Low,"Dominant intensity=Medium, anomaly_ratio=0.0"
1219,Medium,0.0,False,Stable,Low,"Dominant intensity=Medium, anomaly_ratio=0.0"
1221,Low,0.0,False,Stable,Low,"Dominant intensity=Low, anomaly_ratio=0.0"
1222,Low,0.0,False,Stable,Low,"Dominant intensity=Low, anomaly_ratio=0.0"
1223,Medium,0.42105263157894735,True,Inconsistent,High,"Dominant intensity=Medium, anomaly_ratio=0.42"
1224,High,0.0,False,Impulsive,Medium,"Dominant intensity=High, anomaly_ratio=0.0"
1225,Low,0.0,False,Stable,Low,"Dominant intensity=Low, anomaly_ratio=0.0"
1226,Medium,0.0,False,Stable,Low,"Dominant intensity=Medium, anomaly_ratio=0.0"
1227,Low,0.0,False,Stable,Low,"Dominant intensity=Low, anomaly_ratio=0.0"
1228,Low,0.0,False,Stable,Low,"Dominant intensity=Low, anomaly_ratio=0.0"
1229,Medium,0.0,False,Stable,Low,"Dominant intensity=Medium, anomaly_ratio=0.0"
1234,Low,0.0,False,Stable,Low,"Dominant intensity=Low, anomaly_ratio=0.0"
1236,Low,0.0,False,Stable,Low,"Dominant intensity=Low, anomaly_ratio=0.0"
1237,High,0.0,False,Impulsive,Medium,"Dominant intensity=High, anomaly_ratio=0.0"
1238,Medium,0.2542372881355932,True,Inconsistent,High,"Dominant intensity=Medium, anomaly_ratio=0.25"
1239,Low,0.0,False,Stable,Low,"Dominant intensity=Low, anomaly_ratio=0.0"
1240,Low,0.0,False,Stable,Low,"Dominant intensity=Low, anomaly_ratio=0.0"
1241,High,0.00847457627118644,True,Inconsistent,High,"Dominant intensity=High, anomaly_ratio=0.01"
1242,Low,0.0,False,Stable,Low,"Dominant intensity=Low, anomaly_ratio=0.0"
1243,Medium,0.0,False,Stable,Low,"Dominant intensity=Medium, anomaly_ratio=0.0"
1245,Low,0.0,False,Stable,Low,"Dominant intensity=Low, anomaly_ratio=0.0"
1246,Low,0.0,False,Stable,Low,"Dominant intensity=Low, anomaly_ratio=0.0"
1247,Low,0.0,False,Stable,Low,"Dominant intensity=Low, anomaly_ratio=0.0"
1248,Low,0.0,False,Stable,Low,"Dominant intensity=Low, anomaly_ratio=0.0"
1250,Low,0.0,False,Stable,Low,"Dominant intensity=Low, anomaly_ratio=0.0"
1251,Low,0.0,False,Stable,Low,"Dominant intensity=Low, anomaly_ratio=0.0"
1253,High,0.0,False,Impulsive,Medium,"Dominant intensity=High, anomaly_ratio=0.0"
1254,Low,0.0,False,Stable,Low,"Dominant intensity=Low, anomaly_ratio=0.0"
1256,High,0.0,False,Impulsive,Medium,"Dominant intensity=High, anomaly_ratio=0.0"
1257,Low,0.0,False,Stable,Low,"Dominant intensity=Low, anomaly_ratio=0.0"
1258,Low,0.0,False,Stable,Low,"Dominant intensity=Low, anomaly_ratio=0.0"
1259,Medium,0.0,False,Stable,Low,"Dominant intensity=Medium, anomaly_ratio=0.0"
1260,Low,0.0,False,Stable,Low,"Dominant intensity=Low, anomaly_ratio=0.0"
1261,Medium,0.0,False,Stable,Low,"Dominant intensity=Medium, anomaly_ratio=0.0"
1262,Low,0.0,False,Stable,Low,"Dominant intensity=Low, anomaly_ratio=0.0"
1263,Low,0.0,False,Stable,Low,"Dominant intensity=Low, anomaly_ratio=0.0"
1266,Low,0.0,False,Stable,Low,"Dominant intensity=Low, anomaly_ratio=0.0"
1267,Medium,0.00847457627118644,True,Inconsistent,High,"Dominant intensity=Medium, anomaly_ratio=0.01"
1268,Low,0.0,False,Stable,Low,"Dominant intensity=Low, anomaly_ratio=0.0"
1269,Medium,0.0,False,Stable,Low,"Dominant intensity=Medium, anomaly_ratio=0.0"
1274,Medium,0.01694915254237288,True,Inconsistent,High,"Dominant intensity=Medium, anomaly_ratio=0.02"
1276,Medium,0.0,False,Stable,Low,"Dominant intensity=Medium, anomaly_ratio=0.0"
1279,Low,0.0,False,Stable,Low,"Dominant intensity=Low, anomaly_ratio=0.0"
1281,Low,0.00847457627118644,True,Inconsistent,High,"Dominant intensity=Low, anomaly_ratio=0.01"
1282,Low,0.0,False,Stable,Low,"Dominant intensity=Low, anomaly_ratio=0.0"
1283,Medium,0.0,False,Stable,Low,"Dominant intensity=Medium, anomaly_ratio=0.0"
1284,Medium,0.0,False,Stable,Low,"Dominant intensity=Medium, anomaly_ratio=0.0"
1285,Medium,0.0,False,Stable,Low,"Dominant intensity=Medium, anomaly_ratio=0.0"
1286,High,0.0,False,Impulsive,Medium,"Dominant intensity=High, anomaly_ratio=0.0"
1288,Medium,0.0,False,Stable,Low,"Dominant intensity=Medium, anomaly_ratio=0.0"
1289,Low,0.3953488372093023,True,Inconsistent,High,"Dominant intensity=Low, anomaly_ratio=0.4"
1291,Medium,0.0,False,Stable,Low,"Dominant intensity=Medium, anomaly_ratio=0.0"
1293,High,0.0,False,Impulsive,Medium,"Dominant intensity=High, anomaly_ratio=0.0"
1294,Medium,0.0,False,Stable,Low,"Dominant intensity=Medium, anomaly_ratio=0.0"
1295,High,0.0,False,Impulsive,Medium,"Dominant intensity=High, anomaly_ratio=0.0"
1296,High,0.0,False,Impulsive,Medium,"Dominant intensity=High, anomaly_ratio=0.0"
1298,Low,0.0,False,Stable,Low,"Dominant intensity=Low, anomaly_ratio=0.0"
1299,Medium,0.0,False,Stable,Low,"Dominant intensity=Medium, anomaly_ratio=0.0"
1300,Low,0.0,False,Stable,Low,"Dominant intensity=Low, anomaly_ratio=0.0"
1301,Low,0.0,False,Stable,Low,"Dominant intensity=Low, anomaly_ratio=0.0"
1302,Low,0.0,False,Stable,Low,"Dominant intensity=Low, anomaly_ratio=0.0"
1303,Medium,0.0,False,Stable,Low,"Dominant intensity=Medium, anomaly_ratio=0.0"
1305,Low,0.0,False,Stable,Low,"Dominant intensity=Low, anomaly_ratio=0.0"
1307,Medium,0.0,False,Stable,Low,"Dominant intensity=Medium, anomaly_ratio=0.0"
1313,Low,0.0,False,Stable,Low,"Dominant intensity=Low, anomaly_ratio=0.0"
1314,High,0.0,False,Impulsive,Medium,"Dominant intensity=High, anomaly_ratio=0.0"
1315,Low,0.0,False,Stable,Low,"Dominant intensity=Low, anomaly_ratio=0.0"
1317,Low,0.0,False,Stable,Low,"Dominant intensity=Low, anomaly_ratio=0.0"
1323,Medium,0.0,False,Stable,Low,"Dominant intensity=Medium, anomaly_ratio=0.0"
1324,Medium,0.0,False,Stable,Low,"Dominant intensity=Medium, anomaly_ratio=0.0"
1326,Medium,0.0,False,Stable,Low,"Dominant intensity=Medium, anomaly_ratio=0.0"
1330,High,0.0,False,Impulsive,Medium,"Dominant intensity=High, anomaly_ratio=0.0"
1331,Low,0.2796610169491525,True,Inconsistent,High,"Dominant intensity=Low, anomaly_ratio=0.28"
1332,Medium,0.0,False,Stable,Low,"Dominant intensity=Medium, anomaly_ratio=0.0"
1334,Low,0.0,False,Stable,Low,"Dominant intensity=Low, anomaly_ratio=0.0"
1335,Medium,0.0,False,Stable,Low,"Dominant intensity=Medium, anomaly_ratio=0.0"
1340,High,0.9915254237288136,True,Inconsistent,High,"Dominant intensity=High, anomaly_ratio=0.99"
1341,Low,0.0,False,Stable,Low,"Dominant intensity=Low, anomaly_ratio=0.0"
1344,Low,0.0,False,Stable,Low,"Dominant intensity=Low, anomaly_ratio=0.0"
1345,Low,0.0,False,Stable,Low,"Dominant intensity=Low, anomaly_ratio=0.0"
1347,Medium,0.0,False,Stable,Low,"Dominant intensity=Medium, anomaly_ratio=0.0"
1348,Low,0.22033898305084745,True,Inconsistent,High,"Dominant intensity=Low, anomaly_ratio=0.22"
1352,Low,0.0,False,Stable,Low,"Dominant intensity=Low, anomaly_ratio=0.0"
1353,Medium,0.00847457627118644,True,Inconsistent,High,"Dominant intensity=Medium, anomaly_ratio=0.01"
1356,Low,0.0,False,Stable,Low,"Dominant intensity=Low, anomaly_ratio=0.0"
1357,Low,0.0,False,Stable,Low,"Dominant intensity=Low, anomaly_ratio=0.0"
1358,Low,0.0,False,Stable,Low,"Dominant intensity=Low, anomaly_ratio=0.0"
1360,Low,0.0,False,Stable,Low,"Dominant intensity=Low, anomaly_ratio=0.0"
1361,Low,0.0,False,Stable,Low,"Dominant intensity=Low, anomaly_ratio=0.0"
1362,Medium,0.0,False,Stable,Low,"Dominant intensity=Medium, anomaly_ratio=0.0"
1364,Low,0.059322033898305086,True,Inconsistent,High,"Dominant intensity=Low, anomaly_ratio=0.06"
1366,Low,0.0,False,Stable,Low,"Dominant intensity=Low, anomaly_ratio=0.0"
1367,Low,0.0,False,Stable,Low,"Dominant intensity=Low, anomaly_ratio=0.0"
1369,Low,0.0,False,Stable,Low,"Dominant intensity=Low, anomaly_ratio=0.0"
1370,Low,0.0,False,Stable,Low,"Dominant intensity=Low, anomaly_ratio=0.0"
1371,Low,0.0,False,Stable,Low,"Dominant intensity=Low, anomaly_ratio=0.0"
1376,Low,0.0,False,Stable,Low,"Dominant intensity=Low, anomaly_ratio=0.0"
1378,Low,0.0,False,Stable,Low,"Dominant intensity=Low, anomaly_ratio=0.0"
1379,High,0.0,False,Impulsive,Medium,"Dominant intensity=High, anomaly_ratio=0.0"
1381,Low,0.0,False,Stable,Low,"Dominant intensity=Low, anomaly_ratio=0.0"
1382,High,0.0,False,Impulsive,Medium,"Dominant intensity=High, anomaly_ratio=0.0"
1383,Medium,0.0,False,Stable,Low,"Dominant intensity=Medium, anomaly_ratio=0.0"
1384,Low,0.0,False,Stable,Low,"Dominant intensity=Low, anomaly_ratio=0.0"
1385,Medium,0.00847457627118644,True,Inconsistent,High,"Dominant intensity=Medium, anomaly_ratio=0.01"
1391,High,0.0,False,Impulsive,Medium,"Dominant intensity=High, anomaly_ratio=0.0"
1393,Low,0.0,False,Stable,Low,"Dominant intensity=Low, anomaly_ratio=0.0"
1394,Low,0.0,False,Stable,Low,"Dominant intensity=Low, anomaly_ratio=0.0"
1397,Low,0.0,False,Stable,Low,"Dominant intensity=Low, anomaly_ratio=0.0"
1398,High,0.0,False,Impulsive,Medium,"Dominant intensity=High, anomaly_ratio=0.0"
1403,High,0.0,False,Impulsive,Medium,"Dominant intensity=High, anomaly_ratio=0.0"
1404,Low,0.01694915254237288,True,Inconsistent,High,"Dominant intensity=Low, anomaly_ratio=0.02"
1405,Low,0.0,False,Stable,Low,"Dominant intensity=Low, anomaly_ratio=0.0"
1406,Low,0.0,False,Stable,Low,"Dominant intensity=Low, anomaly_ratio=0.0"
1407,High,0.0,False,Impulsive,Medium,"Dominant intensity=High, anomaly_ratio=0.0"
1411,Medium,0.0,False,Stable,Low,"Dominant intensity=Medium, anomaly_ratio=0.0"
1412,Medium,0.0,False,Stable,Low,"Dominant intensity=Medium, anomaly_ratio=0.0"
1413,Low,0.0,False,Stable,Low,"Dominant intensity=Low, anomaly_ratio=0.0"
1416,Low,0.0,False,Stable,Low,"Dominant intensity=Low, anomaly_ratio=0.0"
1417,Medium,0.0,False,Stable,Low,"Dominant intensity=Medium, anomaly_ratio=0.0"
1421,Medium,0.0,False,Stable,Low,"Dominant intensity=Medium, anomaly_ratio=0.0"
1422,Low,0.0,False,Stable,Low,"Dominant intensity=Low, anomaly_ratio=0.0"
1424,Low,0.0,False,Stable,Low,"Dominant intensity=Low, anomaly_ratio=0.0"
1425,Low,0.0,False,Stable,Low,"Dominant intensity=Low, anomaly_ratio=0.0"
1427,Medium,0.0,False,Stable,Low,"Dominant intensity=Medium, anomaly_ratio=0.0"
1428,Low,0.11864406779661017,True,Inconsistent,High,"Dominant intensity=Low, anomaly_ratio=0.12"
1429,Low,0.011111111111111112,True,Inconsistent,High,"Dominant intensity=Low, anomaly_ratio=0.01"
1430,Medium,0.0,False,Stable,Low,"Dominant intensity=Medium, anomaly_ratio=0.0"
1432,Low,0.0,False,Stable,Low,"Dominant intensity=Low, anomaly_ratio=0.0"
1433,Low,0.0,False,Stable,Low,"Dominant intensity=Low, anomaly_ratio=0.0"
1434,Medium,0.00847457627118644,True,Inconsistent,High,"Dominant intensity=Medium, anomaly_ratio=0.01"
1435,High,0.0,False,Impulsive,Medium,"Dominant intensity=High, anomaly_ratio=0.0"
1437,Low,0.0,False,Stable,Low,"Dominant intensity=Low, anomaly_ratio=0.0"
1439,Low,0.00847457627118644,True,Inconsistent,High,"Dominant intensity=Low, anomaly_ratio=0.01"
1442,High,0.0,False,Impulsive,Medium,"Dominant intensity=High, anomaly_ratio=0.0"
1443,Low,0.0,False,Stable,Low,"Dominant intensity=Low, anomaly_ratio=0.0"
1444,Medium,0.00847457627118644,True,Inconsistent,High,"Dominant intensity=Medium, anomaly_ratio=0.01"
1445,Low,0.0,False,Stable,Low,"Dominant intensity=Low, anomaly_ratio=0.0"
1446,Low,0.0,False,Stable,Low,"Dominant intensity=Low, anomaly_ratio=0.0"
1448,High,0.0,False,Impulsive,Medium,"Dominant intensity=High, anomaly_ratio=0.0"
1449,Low,0.0,False,Stable,Low,"Dominant intensity=Low, anomaly_ratio=0.0"
1451,High,0.0,False,Impulsive,Medium,"Dominant intensity=High, anomaly_ratio=0.0"
1452,High,0.0,False,Impulsive,Medium,"Dominant intensity=High, anomaly_ratio=0.0"
1453,Low,0.0,False,Stable,Low,"Dominant intensity=Low, anomaly_ratio=0.0"
1455,Low,0.0,False,Stable,Low,"Dominant intensity=Low, anomaly_ratio=0.0"
1456,High,0.0,False,Impulsive,Medium,"Dominant intensity=High, anomaly_ratio=0.0"
1458,Medium,0.00847457627118644,True,Inconsistent,High,"Dominant intensity=Medium, anomaly_ratio=0.01"
1459,High,0.0,False,Impulsive,Medium,"Dominant intensity=High, anomaly_ratio=0.0"
1461,Low,0.0,False,Stable,Low,"Dominant intensity=Low, anomaly_ratio=0.0"
1463,High,0.0,False,Impulsive,Medium,"Dominant intensity=High, anomaly_ratio=0.0"
1464,Medium,0.0,False,Stable,Low,"Dominant intensity=Medium, anomaly_ratio=0.0"
1466,Low,0.0,False,Stable,Low,"Dominant intensity=Low, anomaly_ratio=0.0"
1467,Low,0.0,False,Stable,Low,"Dominant intensity=Low, anomaly_ratio=0.0"
1470,Low,0.0,False,Stable,Low,"Dominant intensity=Low, anomaly_ratio=0.0"
1471,Low,0.0,False,Stable,Low,"Dominant intensity=Low, anomaly_ratio=0.0"
1473,Low,0.0,False,Stable,Low,"Dominant intensity=Low, anomaly_ratio=0.0"
1475,High,0.0,False,Impulsive,Medium,"Dominant intensity=High, anomaly_ratio=0.0"
1477,Low,0.0,False,Stable,Low,"Dominant intensity=Low, anomaly_ratio=0.0"
1478,Medium,0.0,False,Stable,Low,"Dominant intensity=Medium, anomaly_ratio=0.0"
1479,Low,0.0,False,Stable,Low,"Dominant intensity=Low, anomaly_ratio=0.0"
1482,Medium,0.0,False,Stable,Low,"Dominant intensity=Medium, anomaly_ratio=0.0"
1484,Low,0.0,False,Stable,Low,"Dominant intensity=Low, anomaly_ratio=0.0"
1485,Low,0.0,False,Stable,Low,"Dominant intensity=Low, anomaly_ratio=0.0"
1486,Low,0.0,False,Stable,Low,"Dominant intensity=Low, anomaly_ratio=0.0"
1487,High,0.0,False,Impulsive,Medium,"Dominant intensity=High, anomaly_ratio=0.0"
1488,Low,0.0,False,Stable,Low,"Dominant intensity=Low, anomaly_ratio=0.0"
1490,Low,0.0,False,Stable,Low,"Dominant intensity=Low, anomaly_ratio=0.0"
1492,Low,0.0,False,Stable,Low,"Dominant intensity=Low, anomaly_ratio=0.0"
1493,Medium,0.008849557522123894,True,Inconsistent,High,"Dominant intensity=Medium, anomaly_ratio=0.01"
1494,Low,0.0,False,Stable,Low,"Dominant intensity=Low, anomaly_ratio=0.0"
1495,Medium,0.0,False,Stable,Low,"Dominant intensity=Medium, anomaly_ratio=0.0"
1497,Low,0.0,False,Stable,Low,"Dominant intensity=Low, anomaly_ratio=0.0"
1498,Medium,0.0,False,Stable,Low,"Dominant intensity=Medium, anomaly_ratio=0.0"
1499,Low,0.0,False,Stable,Low,"Dominant intensity=Low, anomaly_ratio=0.0"
1500,Low,0.0,False,Stable,Low,"Dominant intensity=Low, anomaly_ratio=0.0"
1503,Low,0.0,False,Stable,Low,"Dominant intensity=Low, anomaly_ratio=0.0"
1504,Low,0.0,False,Stable,Low,"Dominant intensity=Low, anomaly_ratio=0.0"
1507,Low,0.0,False,Stable,Low,"Dominant intensity=Low, anomaly_ratio=0.0"
1508,Low,0.0,False,Stable,Low,"Dominant intensity=Low, anomaly_ratio=0.0"
1509,Low,0.0,False,Stable,Low,"Dominant intensity=Low, anomaly_ratio=0.0"
1510,Low,0.0,False,Stable,Low,"Dominant intensity=Low, anomaly_ratio=0.0"
1511,Low,0.0,False,Stable,Low,"Dominant intensity=Low, anomaly_ratio=0.0"
1512,Low,0.0,False,Stable,Low,"Dominant intensity=Low, anomaly_ratio=0.0"
1513,Low,0.0,False,Stable,Low,"Dominant intensity=Low, anomaly_ratio=0.0"
1514,Medium,0.0,False,Stable,Low,"Dominant intensity=Medium, anomaly_ratio=0.0"
1515,Low,0.0,False,Stable,Low,"Dominant intensity=Low, anomaly_ratio=0.0"
1516,Low,0.0,False,Stable,Low,"Dominant intensity=Low, anomaly_ratio=0.0"
1517,Medium,0.0,False,Stable,Low,"Dominant intensity=Medium, anomaly_ratio=0.0"
1518,Medium,0.0,False,Stable,Low,"Dominant intensity=Medium, anomaly_ratio=0.0"
1519,Low,0.0,False,Stable,Low,"Dominant intensity=Low, anomaly_ratio=0.0"
1520,High,0.0,False,Impulsive,Medium,"Dominant intensity=High, anomaly_ratio=0.0"
1521,Low,0.0,False,Stable,Low,"Dominant intensity=Low, anomaly_ratio=0.0"
1523,Low,0.00847457627118644,True,Inconsistent,High,"Dominant intensity=Low, anomaly_ratio=0.01"
1525,Low,0.0,False,Stable,Low,"Dominant intensity=Low, anomaly_ratio=0.0"
1526,Low,0.0,False,Stable,Low,"Dominant intensity=Low, anomaly_ratio=0.0"
1527,Medium,0.0,False,Stable,Low,"Dominant intensity=Medium, anomaly_ratio=0.0"
1528,High,0.0,False,Impulsive,Medium,"Dominant intensity=High, anomaly_ratio=0.0"
1529,High,0.0,False,Impulsive,Medium,"Dominant intensity=High, anomaly_ratio=0.0"
1530,Low,0.01694915254237288,True,Inconsistent,High,"Dominant intensity=Low, anomaly_ratio=0.02"
1531,Low,0.0,False,Stable,Low,"Dominant intensity=Low, anomaly_ratio=0.0"
1533,Medium,0.0,False,Stable,Low,"Dominant intensity=Medium, anomaly_ratio=0.0"
1534,High,0.0,False,Impulsive,Medium,"Dominant intensity=High, anomaly_ratio=0.0"
1535,Low,0.0,False,Stable,Low,"Dominant intensity=Low, anomaly_ratio=0.0"
1538,Low,0.0,False,Stable,Low,"Dominant intensity=Low, anomaly_ratio=0.0"
1540,High,0.0,False,Impulsive,Medium,"Dominant intensity=High, anomaly_ratio=0.0"
1541,Low,0.0,False,Stable,Low,"Dominant intensity=Low, anomaly_ratio=0.0"
1542,Low,0.0,False,Stable,Low,"Dominant intensity=Low, anomaly_ratio=0.0"
1543,High,0.0,False,Impulsive,Medium,"Dominant intensity=High, anomaly_ratio=0.0"
1544,Medium,0.0,False,Stable,Low,"Dominant intensity=Medium, anomaly_ratio=0.0"
1546,Low,0.0,False,Stable,Low,"Dominant intensity=Low, anomaly_ratio=0.0"
1549,Medium,0.01694915254237288,True,Inconsistent,High,"Dominant intensity=Medium, anomaly_ratio=0.02"
1551,Medium,0.0,False,Stable,Low,"Dominant intensity=Medium, anomaly_ratio=0.0"
1552,Medium,0.0,False,Stable,Low,"Dominant intensity=Medium, anomaly_ratio=0.0"
1555,Low,0.08421052631578947,True,Inconsistent,High,"Dominant intensity=Low, anomaly_ratio=0.08"
1556,Medium,0.0,False,Stable,Low,"Dominant intensity=Medium, anomaly_ratio=0.0"
1557,Medium,0.0,False,Stable,Low,"Dominant intensity=Medium, anomaly_ratio=0.0"
1558,High,0.0,False,Impulsive,Medium,"Dominant intensity=High, anomaly_ratio=0.0"
1559,High,0.00847457627118644,True,Inconsistent,High,"Dominant intensity=High, anomaly_ratio=0.01"
1560,Medium,0.0,False,Stable,Low,"Dominant intensity=Medium, anomaly_ratio=0.0"
1561,Medium,0.0,False,Stable,Low,"Dominant intensity=Medium, anomaly_ratio=0.0"
1562,Low,0.0,False,Stable,Low,"Dominant intensity=Low, anomaly_ratio=0.0"
1563,Low,0.0,False,Stable,Low,"Dominant intensity=Low, anomaly_ratio=0.0"
1564,Low,0.0,False,Stable,Low,"Dominant intensity=Low, anomaly_ratio=0.0"
1567,Medium,0.0,False,Stable,Low,"Dominant intensity=Medium, anomaly_ratio=0.0"
1568,Medium,0.0,False,Stable,Low,"Dominant intensity=Medium, anomaly_ratio=0.0"
1569,Low,0.0,False,Stable,Low,"Dominant intensity=Low, anomaly_ratio=0.0"
1571,Medium,0.0,False,Stable,Low,"Dominant intensity=Medium, anomaly_ratio=0.0"
1575,High,0.576271186440678,True,Inconsistent,High,"Dominant intensity=High, anomaly_ratio=0.58"
1576,Low,0.0,False,Stable,Low,"Dominant intensity=Low, anomaly_ratio=0.0"
1577,Low,0.0,False,Stable,Low,"Dominant intensity=Low, anomaly_ratio=0.0"
1579,Low,0.0,False,Stable,Low,"Dominant intensity=Low, anomaly_ratio=0.0"
1581,Low,0.0,False,Stable,Low,"Dominant intensity=Low, anomaly_ratio=0.0"
1582,Medium,0.0,False,Stable,Low,"Dominant intensity=Medium, anomaly_ratio=0.0"
1583,Low,0.00847457627118644,True,Inconsistent,High,"Dominant intensity=Low, anomaly_ratio=0.01"
1584,Medium,0.0,False,Stable,Low,"Dominant intensity=Medium, anomaly_ratio=0.0"
1585,High,0.0,False,Impulsive,Medium,"Dominant intensity=High, anomaly_ratio=0.0"
1586,Medium,0.0,False,Stable,Low,"Dominant intensity=Medium, anomaly_ratio=0.0"
1587,Medium,0.03508771929824561,True,Inconsistent,High,"Dominant intensity=Medium, anomaly_ratio=0.04"
1589,Low,0.0,False,Stable,Low,"Dominant intensity=Low, anomaly_ratio=0.0"
1591,High,0.0,False,Impulsive,Medium,"Dominant intensity=High, anomaly_ratio=0.0"
1594,Low,0.0,False,Stable,Low,"Dominant intensity=Low, anomaly_ratio=0.0"
1595,High,0.09322033898305085,True,Inconsistent,High,"Dominant intensity=High, anomaly_ratio=0.09"
1596,High,0.0,False,Impulsive,Medium,"Dominant intensity=High, anomaly_ratio=0.0"
1598,Low,0.0,False,Stable,Low,"Dominant intensity=Low, anomaly_ratio=0.0"
1600,Medium,0.0,False,Stable,Low,"Dominant intensity=Medium, anomaly_ratio=0.0"
1602,Medium,0.0,False,Stable,Low,"Dominant intensity=Medium, anomaly_ratio=0.0"
1603,Low,0.0,False,Stable,Low,"Dominant intensity=Low, anomaly_ratio=0.0"
1604,High,0.0,False,Impulsive,Medium,"Dominant intensity=High, anomaly_ratio=0.0"
1605,Low,0.0,False,Stable,Low,"Dominant intensity=Low, anomaly_ratio=0.0"
1606,Medium,0.03389830508474576,True,Inconsistent,High,"Dominant intensity=Medium, anomaly_ratio=0.03"
1609,Medium,0.0,False,Stable,Low,"Dominant intensity=Medium, anomaly_ratio=0.0"
1610,Low,0.0,False,Stable,Low,"Dominant intensity=Low, anomaly_ratio=0.0"
1613,Medium,0.0,False,Stable,Low,"Dominant intensity=Medium, anomaly_ratio=0.0"
1615,Low,0.0,False,Stable,Low,"Dominant intensity=Low, anomaly_ratio=0.0"
1616,Medium,0.0,False,Stable,Low,"Dominant intensity=Medium, anomaly_ratio=0.0"
1617,Medium,0.0,False,Stable,Low,"Dominant intensity=Medium, anomaly_ratio=0.0"
1618,Low,0.0,False,Stable,Low,"Dominant intensity=Low, anomaly_ratio=0.0"
1619,Low,0.0,False,Stable,Low,"Dominant intensity=Low, anomaly_ratio=0.0"
1621,Low,0.0,False,Stable,Low,"Dominant intensity=Low, anomaly_ratio=0.0"
1622,Medium,0.0,False,Stable,Low,"Dominant intensity=Medium, anomaly_ratio=0.0"
1623,Low,0.0,False,Stable,Low,"Dominant intensity=Low, anomaly_ratio=0.0"
1626,Low,0.0,False,Stable,Low,"Dominant intensity=Low, anomaly_ratio=0.0"
1629,Low,0.0,False,Stable,Low,"Dominant intensity=Low, anomaly_ratio=0.0"
1633,Low,0.0,False,Stable,Low,"Dominant intensity=Low, anomaly_ratio=0.0"
1634,Low,0.00847457627118644,True,Inconsistent,High,"Dominant intensity=Low, anomaly_ratio=0.01"
1635,Low,0.0,False,Stable,Low,"Dominant intensity=Low, anomaly_ratio=0.0"
1636,Low,0.0,False,Stable,Low,"Dominant intensity=Low, anomaly_ratio=0.0"
1638,Low,0.0,False,Stable,Low,"Dominant intensity=Low, anomaly_ratio=0.0"
1639,Medium,0.17094017094017094,True,Inconsistent,High,"Dominant intensity=Medium, anomaly_ratio=0.17"
1640,Medium,0.0,False,Stable,Low,"Dominant intensity=Medium, anomaly_ratio=0.0"
1642,Low,0.0,False,Stable,Low,"Dominant intensity=Low, anomaly_ratio=0.0"
1644,Low,0.0,False,Stable,Low,"Dominant intensity=Low, anomaly_ratio=0.0"
1645,Low,0.0,False,Stable,Low,"Dominant intensity=Low, anomaly_ratio=0.0"
1646,Low,0.0,False,Stable,Low,"Dominant intensity=Low, anomaly_ratio=0.0"
1648,High,0.0,False,Impulsive,Medium,"Dominant intensity=High, anomaly_ratio=0.0"
1649,Low,0.19491525423728814,True,Inconsistent,High,"Dominant intensity=Low, anomaly_ratio=0.19"
1651,High,0.025423728813559324,True,Inconsistent,High,"Dominant intensity=High, anomaly_ratio=0.03"
1652,Low,0.0,False,Stable,Low,"Dominant intensity=Low, anomaly_ratio=0.0"
1654,High,0.05084745762711865,True,Inconsistent,High,"Dominant intensity=High, anomaly_ratio=0.05"
1656,Low,0.0,False,Stable,Low,"Dominant intensity=Low, anomaly_ratio=0.0"
1659,High,0.025423728813559324,True,Inconsistent,High,"Dominant intensity=High, anomaly_ratio=0.03"
1660,Low,0.0,False,Stable,Low,"Dominant intensity=Low, anomaly_ratio=0.0"
1662,Medium,0.03389830508474576,True,Inconsistent,High,"Dominant intensity=Medium, anomaly_ratio=0.03"
1664,Low,0.0,False,Stable,Low,"Dominant intensity=Low, anomaly_ratio=0.0"
1666,Low,0.0,False,Stable,Low,"Dominant intensity=Low, anomaly_ratio=0.0"
1668,Medium,0.0,False,Stable,Low,"Dominant intensity=Medium, anomaly_ratio=0.0"
1669,Medium,0.0,False,Stable,Low,"Dominant intensity=Medium, anomaly_ratio=0.0"
1670,Medium,0.0,False,Stable,Low,"Dominant intensity=Medium, anomaly_ratio=0.0"
1671,Low,0.0,False,Stable,Low,"Dominant intensity=Low, anomaly_ratio=0.0"
1672,Low,0.022727272727272728,True,Inconsistent,High,"Dominant intensity=Low, anomaly_ratio=0.02"
1674,Low,0.0,False,Stable,Low,"Dominant intensity=Low, anomaly_ratio=0.0"
1675,Medium,0.0,False,Stable,Low,"Dominant intensity=Medium, anomaly_ratio=0.0"
1676,Low,0.0,False,Stable,Low,"Dominant intensity=Low, anomaly_ratio=0.0"
1677,Low,0.0,False,Stable,Low,"Dominant intensity=Low, anomaly_ratio=0.0"
1678,Low,0.0,False,Stable,Low,"Dominant intensity=Low, anomaly_ratio=0.0"
1680,Medium,0.038461538461538464,True,Inconsistent,High,"Dominant intensity=Medium, anomaly_ratio=0.04"
1682,Low,0.0,False,Stable,Low,"Dominant intensity=Low, anomaly_ratio=0.0"
1684,Low,0.0,False,Stable,Low,"Dominant intensity=Low, anomaly_ratio=0.0"
1685,Low,0.0,False,Stable,Low,"Dominant intensity=Low, anomaly_ratio=0.0"
1686,High,1.0,True,Inconsistent,High,"Dominant intensity=High, anomaly_ratio=1.0"
1687,High,0.0,False,Impulsive,Medium,"Dominant intensity=High, anomaly_ratio=0.0"
1692,High,0.0,False,Impulsive,Medium,"Dominant intensity=High, anomaly_ratio=0.0"
1693,Medium,0.0,False,Stable,Low,"Dominant intensity=Medium, anomaly_ratio=0.0"
1694,Medium,0.0,False,Stable,Low,"Dominant intensity=Medium, anomaly_ratio=0.0"
1695,Medium,0.01694915254237288,True,Inconsistent,High,"Dominant intensity=Medium, anomaly_ratio=0.02"
1696,High,0.9285714285714286,True,Inconsistent,High,"Dominant intensity=High, anomaly_ratio=0.93"
1697,Low,0.0,False,Stable,Low,"Dominant intensity=Low, anomaly_ratio=0.0"
1699,High,0.0,False,Impulsive,Medium,"Dominant intensity=High, anomaly_ratio=0.0"
1700,Low,0.0,False,Stable,Low,"Dominant intensity=Low, anomaly_ratio=0.0"
1702,Low,0.0,False,Stable,Low,"Dominant intensity=Low, anomaly_ratio=0.0"
1703,High,0.0,False,Impulsive,Medium,"Dominant intensity=High, anomaly_ratio=0.0"
1709,Low,0.0,False,Stable,Low,"Dominant intensity=Low, anomaly_ratio=0.0"
1710,Medium,0.0,False,Stable,Low,"Dominant intensity=Medium, anomaly_ratio=0.0"
1712,Low,0.0,False,Stable,Low,"Dominant intensity=Low, anomaly_ratio=0.0"
1717,High,0.0,False,Impulsive,Medium,"Dominant intensity=High, anomaly_ratio=0.0"
1718,High,0.0,False,Impulsive,Medium,"Dominant intensity=High, anomaly_ratio=0.0"
1719,Low,0.0,False,Stable,Low,"Dominant intensity=Low, anomaly_ratio=0.0"
1720,Medium,0.0,False,Stable,Low,"Dominant intensity=Medium, anomaly_ratio=0.0"
1723,Low,0.0,False,Stable,Low,"Dominant intensity=Low, anomaly_ratio=0.0"
1725,Medium,0.0,False,Stable,Low,"Dominant intensity=Medium, anomaly_ratio=0.0"
1727,High,0.0,False,Impulsive,Medium,"Dominant intensity=High, anomaly_ratio=0.0"
1728,Medium,0.01694915254237288,True,Inconsistent,High,"Dominant intensity=Medium, anomaly_ratio=0.02"
1730,Low,0.0,False,Stable,Low,"Dominant intensity=Low, anomaly_ratio=0.0"
1731,Medium,0.025423728813559324,True,Inconsistent,High,"Dominant intensity=Medium, anomaly_ratio=0.03"
1733,Low,0.0,False,Stable,Low,"Dominant intensity=Low, anomaly_ratio=0.0"
1735,Low,0.0,False,Stable,Low,"Dominant intensity=Low, anomaly_ratio=0.0"
1736,High,0.0,False,Impulsive,Medium,"Dominant intensity=High, anomaly_ratio=0.0"
1737,Low,0.0,False,Stable,Low,"Dominant intensity=Low, anomaly_ratio=0.0"
1740,Low,0.0,False,Stable,Low,"Dominant intensity=Low, anomaly_ratio=0.0"
1741,Medium,0.0,False,Stable,Low,"Dominant intensity=Medium, anomaly_ratio=0.0"
1742,Low,0.0,False,Stable,Low,"Dominant intensity=Low, anomaly_ratio=0.0"
1744,Low,0.00847457627118644,True,Inconsistent,High,"Dominant intensity=Low, anomaly_ratio=0.01"
1746,Medium,0.0,False,Stable,Low,"Dominant intensity=Medium, anomaly_ratio=0.0"
1749,Medium,0.03389830508474576,True,Inconsistent,High,"Dominant intensity=Medium, anomaly_ratio=0.03"
1750,Medium,0.0,False,Stable,Low,"Dominant intensity=Medium, anomaly_ratio=0.0"
1752,Low,0.0,False,Stable,Low,"Dominant intensity=Low, anomaly_ratio=0.0"
1753,Low,0.0,False,Stable,Low,"Dominant intensity=Low, anomaly_ratio=0.0"
1755,Low,0.0,False,Stable,Low,"Dominant intensity=Low, anomaly_ratio=0.0"
1756,Medium,0.0,False,Stable,Low,"Dominant intensity=Medium, anomaly_ratio=0.0"
1757,Low,0.0,False,Stable,Low,"Dominant intensity=Low, anomaly_ratio=0.0"
1758,Low,0.0,False,Stable,Low,"Dominant intensity=Low, anomaly_ratio=0.0"
1759,High,0.0,False,Impulsive,Medium,"Dominant intensity=High, anomaly_ratio=0.0"
1762,Medium,0.0,False,Stable,Low,"Dominant intensity=Medium, anomaly_ratio=0.0"
1763,Low,0.0,False,Stable,Low,"Dominant intensity=Low, anomaly_ratio=0.0"
1764,Medium,0.00847457627118644,True,Inconsistent,High,"Dominant intensity=Medium, anomaly_ratio=0.01"
1765,Medium,0.0,False,Stable,Low,"Dominant intensity=Medium, anomaly_ratio=0.0"
1766,Low,0.0,False,Stable,Low,"Dominant intensity=Low, anomaly_ratio=0.0"
1769,Low,0.0,False,Stable,Low,"Dominant intensity=Low, anomaly_ratio=0.0"
1770,Low,0.0,False,Stable,Low,"Dominant intensity=Low, anomaly_ratio=0.0"
1771,Low,0.0,False,Stable,Low,"Dominant intensity=Low, anomaly_ratio=0.0"
1772,Low,0.0,False,Stable,Low,"Dominant intensity=Low, anomaly_ratio=0.0"
1774,Low,0.0,False,Stable,Low,"Dominant intensity=Low, anomaly_ratio=0.0"
1775,High,0.13793103448275862,True,Inconsistent,High,"Dominant intensity=High, anomaly_ratio=0.14"
1776,High,0.9830508474576272,True,Inconsistent,High,"Dominant intensity=High, anomaly_ratio=0.98"
1777,Low,0.0,False,Stable,Low,"Dominant intensity=Low, anomaly_ratio=0.0"
1779,Low,0.0,False,Stable,Low,"Dominant intensity=Low, anomaly_ratio=0.0"
1781,Low,0.0,False,Stable,Low,"Dominant intensity=Low, anomaly_ratio=0.0"
1782,Low,0.0,False,Stable,Low,"Dominant intensity=Low, anomaly_ratio=0.0"
1783,Low,0.0,False,Stable,Low,"Dominant intensity=Low, anomaly_ratio=0.0"
1785,Low,0.0,False,Stable,Low,"Dominant intensity=Low, anomaly_ratio=0.0"
1786,Low,0.0,False,Stable,Low,"Dominant intensity=Low, anomaly_ratio=0.0"
1787,High,0.0,False,Impulsive,Medium,"Dominant intensity=High, anomaly_ratio=0.0"
1788,Low,0.0,False,Stable,Low,"Dominant intensity=Low, anomaly_ratio=0.0"
1789,Low,0.0,False,Stable,Low,"Dominant intensity=Low, anomaly_ratio=0.0"
1791,Low,0.0,False,Stable,Low,"Dominant intensity=Low, anomaly_ratio=0.0"
1793,Low,0.0,False,Stable,Low,"Dominant intensity=Low, anomaly_ratio=0.0"
1794,Medium,0.0,False,Stable,Low,"Dominant intensity=Medium, anomaly_ratio=0.0"
1797,High,0.3050847457627119,True,Inconsistent,High,"Dominant intensity=High, anomaly_ratio=0.31"
1799,High,0.0,False,Impulsive,Medium,"Dominant intensity=High, anomaly_ratio=0.0"
1802,High,0.0,False,Impulsive,Medium,"Dominant intensity=High, anomaly_ratio=0.0"
1805,Low,0.0,False,Stable,Low,"Dominant intensity=Low, anomaly_ratio=0.0"
1807,High,0.0,False,Impulsive,Medium,"Dominant intensity=High, anomaly_ratio=0.0"
1808,Low,0.0,False,Stable,Low,"Dominant intensity=Low, anomaly_ratio=0.0"
1809,High,0.0,False,Impulsive,Medium,"Dominant intensity=High, anomaly_ratio=0.0"
1810,Medium,0.0,False,Stable,Low,"Dominant intensity=Medium, anomaly_ratio=0.0"
1811,High,0.0,False,Impulsive,Medium,"Dominant intensity=High, anomaly_ratio=0.0"
1812,Medium,0.0,False,Stable,Low,"Dominant intensity=Medium, anomaly_ratio=0.0"
1813,Medium,0.0,False,Stable,Low,"Dominant intensity=Medium, anomaly_ratio=0.0"
1815,Low,0.0,False,Stable,Low,"Dominant intensity=Low, anomaly_ratio=0.0"
1816,Low,0.0,False,Stable,Low,"Dominant intensity=Low, anomaly_ratio=0.0"
1817,High,0.0,False,Impulsive,Medium,"Dominant intensity=High, anomaly_ratio=0.0"
1818,High,0.0,False,Impulsive,Medium,"Dominant intensity=High, anomaly_ratio=0.0"
1820,Low,0.0,False,Stable,Low,"Dominant intensity=Low, anomaly_ratio=0.0"
1823,Medium,0.0,False,Stable,Low,"Dominant intensity=Medium, anomaly_ratio=0.0"
1825,Low,0.0,False,Stable,Low,"Dominant intensity=Low, anomaly_ratio=0.0"
1826,Low,0.025423728813559324,True,Inconsistent,High,"Dominant intensity=Low, anomaly_ratio=0.03"
1827,Medium,0.0,False,Stable,Low,"Dominant intensity=Medium, anomaly_ratio=0.0"
1830,Low,0.0,False,Stable,Low,"Dominant intensity=Low, anomaly_ratio=0.0"
1833,Low,0.024390243902439025,True,Inconsistent,High,"Dominant intensity=Low, anomaly_ratio=0.02"
1834,Low,0.0,False,Stable,Low,"Dominant intensity=Low, anomaly_ratio=0.0"
1837,Low,0.0,False,Stable,Low,"Dominant intensity=Low, anomaly_ratio=0.0"
1840,Low,0.0,False,Stable,Low,"Dominant intensity=Low, anomaly_ratio=0.0"
1842,Low,0.0,False,Stable,Low,"Dominant intensity=Low, anomaly_ratio=0.0"
1843,High,0.0,False,Impulsive,Medium,"Dominant intensity=High, anomaly_ratio=0.0"
1844,Low,0.0,False,Stable,Low,"Dominant intensity=Low, anomaly_ratio=0.0"
1846,Low,0.0,False,Stable,Low,"Dominant intensity=Low, anomaly_ratio=0.0"
1849,Low,0.0,False,Stable,Low,"Dominant intensity=Low, anomaly_ratio=0.0"
1851,Medium,0.025423728813559324,True,Inconsistent,High,"Dominant intensity=Medium, anomaly_ratio=0.03"
1852,Low,0.0,False,Stable,Low,"Dominant intensity=Low, anomaly_ratio=0.0"
1853,Low,0.0,False,Stable,Low,"Dominant intensity=Low, anomaly_ratio=0.0"
1854,Medium,0.0,False,Stable,Low,"Dominant intensity=Medium, anomaly_ratio=0.0"
1855,Low,0.0,False,Stable,Low,"Dominant intensity=Low, anomaly_ratio=0.0"
1856,Low,0.0,False,Stable,Low,"Dominant intensity=Low, anomaly_ratio=0.0"
1857,Low,0.0,False,Stable,Low,"Dominant intensity=Low, anomaly_ratio=0.0"
1858,Low,0.0,False,Stable,Low,"Dominant intensity=Low, anomaly_ratio=0.0"
1859,Low,0.0,False,Stable,Low,"Dominant intensity=Low, anomaly_ratio=0.0"
1861,Medium,0.0,False,Stable,Low,"Dominant intensity=Medium, anomaly_ratio=0.0"
1862,Low,0.0,False,Stable,Low,"Dominant intensity=Low, anomaly_ratio=0.0"
1863,Medium,0.0,False,Stable,Low,"Dominant intensity=Medium, anomaly_ratio=0.0"
1871,Low,0.0,False,Stable,Low,"Dominant intensity=Low, anomaly_ratio=0.0"
1872,Low,0.0,False,Stable,Low,"Dominant intensity=Low, anomaly_ratio=0.0"
1873,High,0.0,False,Impulsive,Medium,"Dominant intensity=High, anomaly_ratio=0.0"
1874,Low,0.0,False,Stable,Low,"Dominant intensity=Low, anomaly_ratio=0.0"
1875,Medium,0.0,False,Stable,Low,"Dominant intensity=Medium, anomaly_ratio=0.0"
1876,Medium,0.03389830508474576,True,Inconsistent,High,"Dominant intensity=Medium, anomaly_ratio=0.03"
1877,High,0.0,False,Impulsive,Medium,"Dominant intensity=High, anomaly_ratio=0.0"
1879,Medium,0.019801980198019802,True,Inconsistent,High,"Dominant intensity=Medium, anomaly_ratio=0.02"
1880,Low,0.0,False,Stable,Low,"Dominant intensity=Low, anomaly_ratio=0.0"
1881,Low,0.0,False,Stable,Low,"Dominant intensity=Low, anomaly_ratio=0.0"
1882,Medium,0.00847457627118644,True,Inconsistent,High,"Dominant intensity=Medium, anomaly_ratio=0.01"
1885,High,0.0,False,Impulsive,Medium,"Dominant intensity=High, anomaly_ratio=0.0"
1888,High,1.0,True,Inconsistent,High,"Dominant intensity=High, anomaly_ratio=1.0"
1891,Low,0.0,False,Stable,Low,"Dominant intensity=Low, anomaly_ratio=0.0"
1895,Low,0.0,False,Stable,Low,"Dominant intensity=Low, anomaly_ratio=0.0"
1896,Low,0.0,False,Stable,Low,"Dominant intensity=Low, anomaly_ratio=0.0"
1897,Low,0.0,False,Stable,Low,"Dominant intensity=Low, anomaly_ratio=0.0"
1898,Low,0.0,False,Stable,Low,"Dominant intensity=Low, anomaly_ratio=0.0"
1899,Low,0.0,False,Stable,Low,"Dominant intensity=Low, anomaly_ratio=0.0"
1901,High,0.0,False,Impulsive,Medium,"Dominant intensity=High, anomaly_ratio=0.0"
1902,Low,0.0,False,Stable,Low,"Dominant intensity=Low, anomaly_ratio=0.0"
1903,Low,0.0,False,Stable,Low,"Dominant intensity=Low, anomaly_ratio=0.0"
1904,High,0.0,False,Impulsive,Medium,"Dominant intensity=High, anomaly_ratio=0.0"
1905,Medium,0.00847457627118644,True,Inconsistent,High,"Dominant intensity=Medium, anomaly_ratio=0.01"
1908,High,0.01694915254237288,True,Inconsistent,High,"Dominant intensity=High, anomaly_ratio=0.02"
1909,Low,0.0,False,Stable,Low,"Dominant intensity=Low, anomaly_ratio=0.0"
1910,High,0.0,False,Impulsive,Medium,"Dominant intensity=High, anomaly_ratio=0.0"
1913,Low,0.0,False,Stable,Low,"Dominant intensity=Low, anomaly_ratio=0.0"
1915,Medium,0.0,False,Stable,Low,"Dominant intensity=Medium, anomaly_ratio=0.0"
1916,Low,0.0,False,Stable,Low,"Dominant intensity=Low, anomaly_ratio=0.0"
1917,Medium,0.0,False,Stable,Low,"Dominant intensity=Medium, anomaly_ratio=0.0"
1918,Medium,0.0,False,Stable,Low,"Dominant intensity=Medium, anomaly_ratio=0.0"
1919,Medium,0.0,False,Stable,Low,"Dominant intensity=Medium, anomaly_ratio=0.0"
1920,High,0.0,False,Impulsive,Medium,"Dominant intensity=High, anomaly_ratio=0.0"
1921,Medium,0.0,False,Stable,Low,"Dominant intensity=Medium, anomaly_ratio=0.0"
1923,Low,0.0,False,Stable,Low,"Dominant intensity=Low, anomaly_ratio=0.0"
1926,Low,0.0,False,Stable,Low,"Dominant intensity=Low, anomaly_ratio=0.0"
1928,Medium,0.0,False,Stable,Low,"Dominant intensity=Medium, anomaly_ratio=0.0"
1931,High,0.0,False,Impulsive,Medium,"Dominant intensity=High, anomaly_ratio=0.0"
1936,Low,0.0,False,Stable,Low,"Dominant intensity=Low, anomaly_ratio=0.0"
1937,Medium,0.0,False,Stable,Low,"Dominant intensity=Medium, anomaly_ratio=0.0"
1940,Low,0.0,False,Stable,Low,"Dominant intensity=Low, anomaly_ratio=0.0"
1941,High,0.0,False,Impulsive,Medium,"Dominant intensity=High, anomaly_ratio=0.0"
1942,Low,0.3220338983050847,True,Inconsistent,High,"Dominant intensity=Low, anomaly_ratio=0.32"
1944,Low,0.0,False,Stable,Low,"Dominant intensity=Low, anomaly_ratio=0.0"
1945,Low,0.0,False,Stable,Low,"Dominant intensity=Low, anomaly_ratio=0.0"
1946,Low,0.0,False,Stable,Low,"Dominant intensity=Low, anomaly_ratio=0.0"
1954,High,0.6197183098591549,True,Inconsistent,High,"Dominant intensity=High, anomaly_ratio=0.62"
1955,Low,0.0,False,Stable,Low,"Dominant intensity=Low, anomaly_ratio=0.0"
1956,Low,0.0,False,Stable,Low,"Dominant intensity=Low, anomaly_ratio=0.0"
1957,Medium,0.0,False,Stable,Low,"Dominant intensity=Medium, anomaly_ratio=0.0"
1958,Low,0.0,False,Stable,Low,"Dominant intensity=Low, anomaly_ratio=0.0"
1959,Medium,0.00847457627118644,True,Inconsistent,High,"Dominant intensity=Medium, anomaly_ratio=0.01"
1962,Medium,0.0,False,Stable,Low,"Dominant intensity=Medium, anomaly_ratio=0.0"
1963,High,1.0,True,Inconsistent,High,"Dominant intensity=High, anomaly_ratio=1.0"
1964,Low,0.0,False,Stable,Low,"Dominant intensity=Low, anomaly_ratio=0.0"
1966,High,0.0,False,Impulsive,Medium,"Dominant intensity=High, anomaly_ratio=0.0"
1967,Low,0.0,False,Stable,Low,"Dominant intensity=Low, anomaly_ratio=0.0"
1969,High,0.0,False,Impulsive,Medium,"Dominant intensity=High, anomaly_ratio=0.0"
1971,Low,0.0,False,Stable,Low,"Dominant intensity=Low, anomaly_ratio=0.0"
1972,Low,0.0,False,Stable,Low,"Dominant intensity=Low, anomaly_ratio=0.0"
1973,Medium,0.0,False,Stable,Low,"Dominant intensity=Medium, anomaly_ratio=0.0"
1975,Low,0.0,False,Stable,Low,"Dominant intensity=Low, anomaly_ratio=0.0"
1976,Medium,0.0,False,Stable,Low,"Dominant intensity=Medium, anomaly_ratio=0.0"
1977,Low,0.00847457627118644,True,Inconsistent,High,"Dominant intensity=Low, anomaly_ratio=0.01"
1979,Medium,0.0,False,Stable,Low,"Dominant intensity=Medium, anomaly_ratio=0.0"
1980,Low,0.0,False,Stable,Low,"Dominant intensity=Low, anomaly_ratio=0.0"
1981,Medium,0.0,False,Stable,Low,"Dominant intensity=Medium, anomaly_ratio=0.0"
1983,Low,0.0,False,Stable,Low,"Dominant intensity=Low, anomaly_ratio=0.0"
1985,Low,0.0,False,Stable,Low,"Dominant intensity=Low, anomaly_ratio=0.0"
1986,Medium,0.0,False,Stable,Low,"Dominant intensity=Medium, anomaly_ratio=0.0"
1987,Low,0.0,False,Stable,Low,"Dominant intensity=Low, anomaly_ratio=0.0"
1988,High,0.0,False,Impulsive,Medium,"Dominant intensity=High, anomaly_ratio=0.0"
1989,Low,0.0,False,Stable,Low,"Dominant intensity=Low, anomaly_ratio=0.0"
1992,Low,0.0,False,Stable,Low,"Dominant intensity=Low, anomaly_ratio=0.0"
1993,Medium,0.00847457627118644,True,Inconsistent,High,"Dominant intensity=Medium, anomaly_ratio=0.01"
1994,Low,0.0,False,Stable,Low,"Dominant intensity=Low, anomaly_ratio=0.0"
1995,Low,0.0,False,Stable,Low,"Dominant intensity=Low, anomaly_ratio=0.0"
1996,Low,0.0,False,Stable,Low,"Dominant intensity=Low, anomaly_ratio=0.0"
1997,Medium,0.0,False,Stable,Low,"Dominant intensity=Medium, anomaly_ratio=0.0"
1998,Low,0.05084745762711865,True,Inconsistent,High,"Dominant intensity=Low, anomaly_ratio=0.05"
